"","type","fixed.acidity","volatile.acidity","citric.acid","residual.sugar","chlorides","free.sulfur.dioxide","total.sulfur.dioxide","density","pH","sulphates","alcohol","quality","quality_6","label"
"4900","red",7.8,0.88,0,2.6,0.098,25,67,0.9968,3.2,0.68,9.8,5,"bad",1
"4902","red",11.2,0.28,0.56,1.9,0.075,17,60,0.998,3.16,0.58,9.8,6,"good",1
"4904","red",7.4,0.66,0,1.8,0.075,13,40,0.9978,3.51,0.56,9.4,5,"bad",1
"4905","red",7.9,0.6,0.06,1.6,0.069,15,59,0.9964,3.3,0.46,9.4,5,"bad",1
"4908","red",7.5,0.5,0.36,6.1,0.071,17,102,0.9978,3.35,0.8,10.5,5,"bad",1
"4909","red",6.7,0.58,0.08,1.8,0.097,15,65,0.9959,3.28,0.54,9.2,5,"bad",1
"4911","red",5.6,0.615,0,1.6,0.089,16,59,0.9943,3.58,0.52,9.9,5,"bad",1
"4912","red",7.8,0.61,0.29,1.6,0.114,9,29,0.9974,3.26,1.56,9.1,5,"bad",1
"4913","red",8.9,0.62,0.18,3.8,0.176,52,145,0.9986,3.16,0.88,9.2,5,"bad",1
"4914","red",8.9,0.62,0.19,3.9,0.17,51,148,0.9986,3.17,0.93,9.2,5,"bad",1
"4915","red",8.5,0.28,0.56,1.8,0.092,35,103,0.9969,3.3,0.75,10.5,7,"good",1
"4916","red",8.1,0.56,0.28,1.7,0.368,16,56,0.9968,3.11,1.28,9.3,5,"bad",1
"4917","red",7.4,0.59,0.08,4.4,0.086,6,29,0.9974,3.38,0.5,9,4,"bad",1
"4918","red",7.9,0.32,0.51,1.8,0.341,17,56,0.9969,3.04,1.08,9.2,6,"good",1
"4919","red",8.9,0.22,0.48,1.8,0.077,29,60,0.9968,3.39,0.53,9.4,6,"good",1
"4921","red",7.9,0.43,0.21,1.6,0.106,10,37,0.9966,3.17,0.91,9.5,5,"bad",1
"4922","red",8.5,0.49,0.11,2.3,0.084,9,67,0.9968,3.17,0.53,9.4,5,"bad",1
"4923","red",6.9,0.4,0.14,2.4,0.085,21,40,0.9968,3.43,0.63,9.7,6,"good",1
"4925","red",7.6,0.41,0.24,1.8,0.08,4,11,0.9962,3.28,0.59,9.5,5,"bad",1
"4927","red",7.1,0.71,0,1.9,0.08,14,35,0.9972,3.47,0.55,9.4,5,"bad",1
"4928","red",7.8,0.645,0,2,0.082,8,16,0.9964,3.38,0.59,9.8,6,"good",1
"4929","red",6.7,0.675,0.07,2.4,0.089,17,82,0.9958,3.35,0.54,10.1,5,"bad",1
"4930","red",6.9,0.685,0,2.5,0.105,22,37,0.9966,3.46,0.57,10.6,6,"good",1
"4931","red",8.3,0.655,0.12,2.3,0.083,15,113,0.9966,3.17,0.66,9.8,5,"bad",1
"4932","red",6.9,0.605,0.12,10.7,0.073,40,83,0.9993,3.45,0.52,9.4,6,"good",1
"4933","red",5.2,0.32,0.25,1.8,0.103,13,50,0.9957,3.38,0.55,9.2,5,"bad",1
"4936","red",8.1,0.38,0.28,2.1,0.066,13,30,0.9968,3.23,0.73,9.7,7,"good",1
"4938","red",7.3,0.45,0.36,5.9,0.074,12,87,0.9978,3.33,0.83,10.5,5,"bad",1
"4939","red",7.3,0.45,0.36,5.9,0.074,12,87,0.9978,3.33,0.83,10.5,5,"bad",1
"4940","red",8.8,0.61,0.3,2.8,0.088,17,46,0.9976,3.26,0.51,9.3,4,"bad",1
"4942","red",8.1,0.66,0.22,2.2,0.069,9,23,0.9968,3.3,1.2,10.3,5,"bad",1
"4944","red",4.6,0.52,0.15,2.1,0.054,8,65,0.9934,3.9,0.56,13.1,4,"bad",1
"4945","red",7.7,0.935,0.43,2.2,0.114,22,114,0.997,3.25,0.73,9.2,5,"bad",1
"4946","red",8.7,0.29,0.52,1.6,0.113,12,37,0.9969,3.25,0.58,9.5,5,"bad",1
"4947","red",6.4,0.4,0.23,1.6,0.066,5,12,0.9958,3.34,0.56,9.2,5,"bad",1
"4948","red",5.6,0.31,0.37,1.4,0.074,12,96,0.9954,3.32,0.58,9.2,5,"bad",1
"4949","red",8.8,0.66,0.26,1.7,0.074,4,23,0.9971,3.15,0.74,9.2,5,"bad",1
"4951","red",6.6,0.5,0.04,2.1,0.068,6,14,0.9955,3.39,0.64,9.4,6,"good",1
"4952","red",8.6,0.38,0.36,3,0.081,30,119,0.997,3.2,0.56,9.4,5,"bad",1
"4953","red",7.6,0.51,0.15,2.8,0.11,33,73,0.9955,3.17,0.63,10.2,6,"good",1
"4954","red",7.7,0.62,0.04,3.8,0.084,25,45,0.9978,3.34,0.53,9.5,5,"bad",1
"4955","red",10.2,0.42,0.57,3.4,0.07,4,10,0.9971,3.04,0.63,9.6,5,"bad",1
"4958","red",7.3,0.39,0.31,2.4,0.074,9,46,0.9962,3.41,0.54,9.4,6,"good",1
"4959","red",8.8,0.4,0.4,2.2,0.079,19,52,0.998,3.44,0.64,9.2,5,"bad",1
"4960","red",7.7,0.69,0.49,1.8,0.115,20,112,0.9968,3.21,0.71,9.3,5,"bad",1
"4962","red",7,0.735,0.05,2,0.081,13,54,0.9966,3.39,0.57,9.8,5,"bad",1
"4964","red",7.2,0.725,0.05,4.65,0.086,4,11,0.9962,3.41,0.39,10.9,5,"bad",1
"4965","red",7.5,0.52,0.11,1.5,0.079,11,39,0.9968,3.42,0.58,9.6,5,"bad",1
"4966","red",6.6,0.705,0.07,1.6,0.076,6,15,0.9962,3.44,0.58,10.7,5,"bad",1
"4967","red",9.3,0.32,0.57,2,0.074,27,65,0.9969,3.28,0.79,10.7,5,"bad",1
"4968","red",8,0.705,0.05,1.9,0.074,8,19,0.9962,3.34,0.95,10.5,6,"good",1
"4969","red",7.7,0.63,0.08,1.9,0.076,15,27,0.9967,3.32,0.54,9.5,6,"good",1
"4970","red",7.7,0.67,0.23,2.1,0.088,17,96,0.9962,3.32,0.48,9.5,5,"bad",1
"4971","red",7.7,0.69,0.22,1.9,0.084,18,94,0.9961,3.31,0.48,9.5,5,"bad",1
"4972","red",8.3,0.675,0.26,2.1,0.084,11,43,0.9976,3.31,0.53,9.2,4,"bad",1
"4974","red",8.8,0.41,0.64,2.2,0.093,9,42,0.9986,3.54,0.66,10.5,5,"bad",1
"4975","red",8.8,0.41,0.64,2.2,0.093,9,42,0.9986,3.54,0.66,10.5,5,"bad",1
"4976","red",6.8,0.785,0,2.4,0.104,14,30,0.9966,3.52,0.55,10.7,6,"good",1
"4977","red",6.7,0.75,0.12,2,0.086,12,80,0.9958,3.38,0.52,10.1,5,"bad",1
"4978","red",8.3,0.625,0.2,1.5,0.08,27,119,0.9972,3.16,1.12,9.1,4,"bad",1
"4979","red",6.2,0.45,0.2,1.6,0.069,3,15,0.9958,3.41,0.56,9.2,5,"bad",1
"4982","red",7.3,0.67,0.26,1.8,0.401,16,51,0.9969,3.16,1.14,9.4,5,"bad",1
"4983","red",6.3,0.3,0.48,1.8,0.069,18,61,0.9959,3.44,0.78,10.3,6,"good",1
"4985","red",8.6,0.49,0.28,1.9,0.11,20,136,0.9972,2.93,1.95,9.9,6,"good",1
"4986","red",7.7,0.49,0.26,1.9,0.062,9,31,0.9966,3.39,0.64,9.6,5,"bad",1
"4987","red",9.3,0.39,0.44,2.1,0.107,34,125,0.9978,3.14,1.22,9.5,5,"bad",1
"4988","red",7,0.62,0.08,1.8,0.076,8,24,0.9978,3.48,0.53,9,5,"bad",1
"4989","red",7.9,0.52,0.26,1.9,0.079,42,140,0.9964,3.23,0.54,9.5,5,"bad",1
"4991","red",8.6,0.49,0.29,2,0.11,19,133,0.9972,2.93,1.98,9.8,5,"bad",1
"4992","red",7.7,0.49,0.26,1.9,0.062,9,31,0.9966,3.39,0.64,9.6,5,"bad",1
"4993","red",5,1.02,0.04,1.4,0.045,41,85,0.9938,3.75,0.48,10.5,4,"bad",1
"4995","red",6.8,0.775,0,3,0.102,8,23,0.9965,3.45,0.56,10.7,5,"bad",1
"4996","red",7,0.5,0.25,2,0.07,3,22,0.9963,3.25,0.63,9.2,5,"bad",1
"4997","red",7.6,0.9,0.06,2.5,0.079,5,10,0.9967,3.39,0.56,9.8,5,"bad",1
"4998","red",8.1,0.545,0.18,1.9,0.08,13,35,0.9972,3.3,0.59,9,6,"good",1
"5000","red",7.8,0.5,0.3,1.9,0.075,8,22,0.9959,3.31,0.56,10.4,6,"good",1
"5001","red",8.1,0.545,0.18,1.9,0.08,13,35,0.9972,3.3,0.59,9,6,"good",1
"5002","red",8.1,0.575,0.22,2.1,0.077,12,65,0.9967,3.29,0.51,9.2,5,"bad",1
"5005","red",7.8,0.41,0.68,1.7,0.467,18,69,0.9973,3.08,1.31,9.3,5,"bad",1
"5006","red",6.2,0.63,0.31,1.7,0.088,15,64,0.9969,3.46,0.79,9.3,5,"bad",1
"5008","red",8.1,0.785,0.52,2,0.122,37,153,0.9969,3.21,0.69,9.3,5,"bad",1
"5009","red",7.8,0.56,0.19,1.8,0.104,12,47,0.9964,3.19,0.93,9.5,5,"bad",1
"5010","red",8.4,0.62,0.09,2.2,0.084,11,108,0.9964,3.15,0.66,9.8,5,"bad",1
"5011","red",8.4,0.6,0.1,2.2,0.085,14,111,0.9964,3.15,0.66,9.8,5,"bad",1
"5013","red",7.8,0.56,0.19,1.8,0.104,12,47,0.9964,3.19,0.93,9.5,5,"bad",1
"5015","red",8.3,0.54,0.28,1.9,0.077,11,40,0.9978,3.39,0.61,10,6,"good",1
"5017","red",8.8,0.55,0.04,2.2,0.119,14,56,0.9962,3.21,0.6,10.9,6,"good",1
"5018","red",7,0.69,0.08,1.8,0.097,22,89,0.9959,3.34,0.54,9.2,6,"good",1
"5021","red",7.3,0.695,0,2.5,0.075,3,13,0.998,3.49,0.52,9.2,5,"bad",1
"5022","red",8,0.71,0,2.6,0.08,11,34,0.9976,3.44,0.53,9.5,5,"bad",1
"5023","red",7.8,0.5,0.17,1.6,0.082,21,102,0.996,3.39,0.48,9.5,5,"bad",1
"5024","red",9,0.62,0.04,1.9,0.146,27,90,0.9984,3.16,0.7,9.4,5,"bad",1
"5025","red",8.2,1.33,0,1.7,0.081,3,12,0.9964,3.53,0.49,10.9,5,"bad",1
"5026","red",8.1,1.33,0,1.8,0.082,3,12,0.9964,3.54,0.48,10.9,5,"bad",1
"5029","red",8,0.745,0.56,2,0.118,30,134,0.9968,3.24,0.66,9.4,5,"bad",1
"5030","red",5.6,0.5,0.09,2.3,0.049,17,99,0.9937,3.63,0.63,13,5,"bad",1
"5031","red",5.6,0.5,0.09,2.3,0.049,17,99,0.9937,3.63,0.63,13,5,"bad",1
"5032","red",6.6,0.5,0.01,1.5,0.06,17,26,0.9952,3.4,0.58,9.8,6,"good",1
"5033","red",7.9,1.04,0.05,2.2,0.084,13,29,0.9959,3.22,0.55,9.9,6,"good",1
"5034","red",8.4,0.745,0.11,1.9,0.09,16,63,0.9965,3.19,0.82,9.6,5,"bad",1
"5035","red",8.3,0.715,0.15,1.8,0.089,10,52,0.9968,3.23,0.77,9.5,5,"bad",1
"5036","red",7.2,0.415,0.36,2,0.081,13,45,0.9972,3.48,0.64,9.2,5,"bad",1
"5037","red",7.8,0.56,0.19,2.1,0.081,15,105,0.9962,3.33,0.54,9.5,5,"bad",1
"5038","red",7.8,0.56,0.19,2,0.081,17,108,0.9962,3.32,0.54,9.5,5,"bad",1
"5039","red",8.4,0.745,0.11,1.9,0.09,16,63,0.9965,3.19,0.82,9.6,5,"bad",1
"5040","red",8.3,0.715,0.15,1.8,0.089,10,52,0.9968,3.23,0.77,9.5,5,"bad",1
"5043","red",5.2,0.34,0,1.8,0.05,27,63,0.9916,3.68,0.79,14,6,"good",1
"5044","red",8.1,0.67,0.55,1.8,0.117,32,141,0.9968,3.17,0.62,9.4,5,"bad",1
"5045","red",5.8,0.68,0.02,1.8,0.087,21,94,0.9944,3.54,0.52,10,5,"bad",1
"5046","red",7.6,0.49,0.26,1.6,0.236,10,88,0.9968,3.11,0.8,9.3,5,"bad",1
"5047","red",6.9,0.49,0.1,2.3,0.074,12,30,0.9959,3.42,0.58,10.2,6,"good",1
"5048","red",8.2,0.4,0.44,2.8,0.089,11,43,0.9975,3.53,0.61,10.5,6,"good",1
"5050","red",9.2,0.52,1,3.4,0.61,32,69,0.9996,2.74,2,9.4,4,"bad",1
"5051","red",7.5,0.6,0.03,1.8,0.095,25,99,0.995,3.35,0.54,10.1,5,"bad",1
"5052","red",7.5,0.6,0.03,1.8,0.095,25,99,0.995,3.35,0.54,10.1,5,"bad",1
"5053","red",7.1,0.43,0.42,5.5,0.07,29,129,0.9973,3.42,0.72,10.5,5,"bad",1
"5054","red",7.1,0.43,0.42,5.5,0.071,28,128,0.9973,3.42,0.71,10.5,5,"bad",1
"5055","red",7.1,0.43,0.42,5.5,0.07,29,129,0.9973,3.42,0.72,10.5,5,"bad",1
"5056","red",7.1,0.43,0.42,5.5,0.071,28,128,0.9973,3.42,0.71,10.5,5,"bad",1
"5057","red",7.1,0.68,0,2.2,0.073,12,22,0.9969,3.48,0.5,9.3,5,"bad",1
"5058","red",6.8,0.6,0.18,1.9,0.079,18,86,0.9968,3.59,0.57,9.3,6,"good",1
"5061","red",7.8,0.53,0.04,1.7,0.076,17,31,0.9964,3.33,0.56,10,6,"good",1
"5062","red",7.4,0.6,0.26,7.3,0.07,36,121,0.9982,3.37,0.49,9.4,5,"bad",1
"5064","red",7.8,0.63,0.48,1.7,0.1,14,96,0.9961,3.19,0.62,9.5,5,"bad",1
"5065","red",6.8,0.64,0.1,2.1,0.085,18,101,0.9956,3.34,0.52,10.2,5,"bad",1
"5066","red",7.3,0.55,0.03,1.6,0.072,17,42,0.9956,3.37,0.48,9,4,"bad",1
"5067","red",6.8,0.63,0.07,2.1,0.089,11,44,0.9953,3.47,0.55,10.4,6,"good",1
"5068","red",7.5,0.705,0.24,1.8,0.36,15,63,0.9964,3,1.59,9.5,5,"bad",1
"5069","red",7.9,0.885,0.03,1.8,0.058,4,8,0.9972,3.36,0.33,9.1,4,"bad",1
"5071","red",8,0.42,0.17,2,0.073,6,18,0.9972,3.29,0.61,9.2,6,"good",1
"5072","red",7.4,0.62,0.05,1.9,0.068,24,42,0.9961,3.42,0.57,11.5,6,"good",1
"5073","red",7.3,0.38,0.21,2,0.08,7,35,0.9961,3.33,0.47,9.5,5,"bad",1
"5074","red",6.9,0.5,0.04,1.5,0.085,19,49,0.9958,3.35,0.78,9.5,5,"bad",1
"5075","red",7.3,0.38,0.21,2,0.08,7,35,0.9961,3.33,0.47,9.5,5,"bad",1
"5076","red",7.5,0.52,0.42,2.3,0.087,8,38,0.9972,3.58,0.61,10.5,6,"good",1
"5077","red",7,0.805,0,2.5,0.068,7,20,0.9969,3.48,0.56,9.6,5,"bad",1
"5078","red",8.8,0.61,0.14,2.4,0.067,10,42,0.9969,3.19,0.59,9.5,5,"bad",1
"5079","red",8.8,0.61,0.14,2.4,0.067,10,42,0.9969,3.19,0.59,9.5,5,"bad",1
"5080","red",8.9,0.61,0.49,2,0.27,23,110,0.9972,3.12,1.02,9.3,5,"bad",1
"5081","red",7.2,0.73,0.02,2.5,0.076,16,42,0.9972,3.44,0.52,9.3,5,"bad",1
"5083","red",6.7,0.62,0.21,1.9,0.079,8,62,0.997,3.52,0.58,9.3,6,"good",1
"5084","red",8.9,0.31,0.57,2,0.111,26,85,0.9971,3.26,0.53,9.7,5,"bad",1
"5085","red",7.4,0.39,0.48,2,0.082,14,67,0.9972,3.34,0.55,9.2,5,"bad",1
"5086","red",7.7,0.705,0.1,2.6,0.084,9,26,0.9976,3.39,0.49,9.7,5,"bad",1
"5090","red",6.4,0.37,0.25,1.9,0.074,21,49,0.9974,3.57,0.62,9.8,6,"good",1
"5092","red",7.6,0.55,0.21,2.2,0.071,7,28,0.9964,3.28,0.55,9.7,5,"bad",1
"5093","red",7.6,0.55,0.21,2.2,0.071,7,28,0.9964,3.28,0.55,9.7,5,"bad",1
"5094","red",7.8,0.59,0.33,2,0.074,24,120,0.9968,3.25,0.54,9.4,5,"bad",1
"5095","red",7.3,0.58,0.3,2.4,0.074,15,55,0.9968,3.46,0.59,10.2,5,"bad",1
"5096","red",11.5,0.3,0.6,2,0.067,12,27,0.9981,3.11,0.97,10.1,6,"good",1
"5097","red",5.4,0.835,0.08,1.2,0.046,13,93,0.9924,3.57,0.85,13,7,"good",1
"5098","red",6.9,1.09,0.06,2.1,0.061,12,31,0.9948,3.51,0.43,11.4,4,"bad",1
"5100","red",8.8,0.37,0.48,2.1,0.097,39,145,0.9975,3.04,1.03,9.3,5,"bad",1
"5102","red",7,0.42,0.35,1.6,0.088,16,39,0.9961,3.34,0.55,9.2,5,"bad",1
"5103","red",7,0.43,0.36,1.6,0.089,14,37,0.99615,3.34,0.56,9.2,6,"good",1
"5104","red",12.8,0.3,0.74,2.6,0.095,9,28,0.9994,3.2,0.77,10.8,7,"good",1
"5105","red",12.8,0.3,0.74,2.6,0.095,9,28,0.9994,3.2,0.77,10.8,7,"good",1
"5106","red",7.8,0.57,0.31,1.8,0.069,26,120,0.99625,3.29,0.53,9.3,5,"bad",1
"5107","red",7.8,0.44,0.28,2.7,0.1,18,95,0.9966,3.22,0.67,9.4,5,"bad",1
"5110","red",8,0.725,0.24,2.8,0.083,10,62,0.99685,3.35,0.56,10,6,"good",1
"5111","red",11.6,0.44,0.64,2.1,0.059,5,15,0.998,3.21,0.67,10.2,6,"good",1
"5112","red",8.2,0.57,0.26,2.2,0.06,28,65,0.9959,3.3,0.43,10.1,5,"bad",1
"5113","red",7.8,0.735,0.08,2.4,0.092,10,41,0.9974,3.24,0.71,9.8,6,"good",1
"5114","red",7,0.49,0.49,5.6,0.06,26,121,0.9974,3.34,0.76,10.5,5,"bad",1
"5115","red",8.7,0.625,0.16,2,0.101,13,49,0.9962,3.14,0.57,11,5,"bad",1
"5116","red",8.1,0.725,0.22,2.2,0.072,11,41,0.9967,3.36,0.55,9.1,5,"bad",1
"5117","red",7.5,0.49,0.19,1.9,0.076,10,44,0.9957,3.39,0.54,9.7,5,"bad",1
"5118","red",7.8,0.53,0.33,2.4,0.08,24,144,0.99655,3.3,0.6,9.5,5,"bad",1
"5119","red",7.8,0.34,0.37,2,0.082,24,58,0.9964,3.34,0.59,9.4,6,"good",1
"5120","red",7.4,0.53,0.26,2,0.101,16,72,0.9957,3.15,0.57,9.4,5,"bad",1
"5121","red",6.8,0.61,0.04,1.5,0.057,5,10,0.99525,3.42,0.6,9.5,5,"bad",1
"5122","red",8.6,0.645,0.25,2,0.083,8,28,0.99815,3.28,0.6,10,6,"good",1
"5123","red",8.4,0.635,0.36,2,0.089,15,55,0.99745,3.31,0.57,10.4,4,"bad",1
"5124","red",7.7,0.43,0.25,2.6,0.073,29,63,0.99615,3.37,0.58,10.5,6,"good",1
"5125","red",8.9,0.59,0.5,2,0.337,27,81,0.9964,3.04,1.61,9.5,6,"good",1
"5126","red",9,0.82,0.14,2.6,0.089,9,23,0.9984,3.39,0.63,9.8,5,"bad",1
"5127","red",7.7,0.43,0.25,2.6,0.073,29,63,0.99615,3.37,0.58,10.5,6,"good",1
"5128","red",6.9,0.52,0.25,2.6,0.081,10,37,0.99685,3.46,0.5,11,5,"bad",1
"5129","red",5.2,0.48,0.04,1.6,0.054,19,106,0.9927,3.54,0.62,12.2,7,"good",1
"5130","red",8,0.38,0.06,1.8,0.078,12,49,0.99625,3.37,0.52,9.9,6,"good",1
"5131","red",8.5,0.37,0.2,2.8,0.09,18,58,0.998,3.34,0.7,9.6,6,"good",1
"5132","red",6.9,0.52,0.25,2.6,0.081,10,37,0.99685,3.46,0.5,11,5,"bad",1
"5133","red",8.2,1,0.09,2.3,0.065,7,37,0.99685,3.32,0.55,9,6,"good",1
"5134","red",7.2,0.63,0,1.9,0.097,14,38,0.99675,3.37,0.58,9,6,"good",1
"5137","red",7.2,0.63,0,1.9,0.097,14,38,0.99675,3.37,0.58,9,6,"good",1
"5138","red",8.2,1,0.09,2.3,0.065,7,37,0.99685,3.32,0.55,9,6,"good",1
"5139","red",8.9,0.635,0.37,1.7,0.263,5,62,0.9971,3,1.09,9.3,5,"bad",1
"5141","red",7.7,0.58,0.1,1.8,0.102,28,109,0.99565,3.08,0.49,9.8,6,"good",1
"5142","red",15,0.21,0.44,2.2,0.075,10,24,1.00005,3.07,0.84,9.2,7,"good",1
"5144","red",7.3,0.66,0,2,0.084,6,23,0.9983,3.61,0.96,9.9,6,"good",1
"5145","red",7.1,0.68,0.07,1.9,0.075,16,51,0.99685,3.38,0.52,9.5,5,"bad",1
"5147","red",7.7,0.53,0.06,1.7,0.074,9,39,0.99615,3.35,0.48,9.8,6,"good",1
"5148","red",7.3,0.66,0,2,0.084,6,23,0.9983,3.61,0.96,9.9,6,"good",1
"5150","red",7.1,0.6,0,1.8,0.074,16,34,0.9972,3.47,0.7,9.9,6,"good",1
"5151","red",11.1,0.35,0.48,3.1,0.09,5,21,0.9986,3.17,0.53,10.5,5,"bad",1
"5152","red",7.7,0.775,0.42,1.9,0.092,8,86,0.9959,3.23,0.59,9.5,5,"bad",1
"5155","red",9.4,0.34,0.37,2.2,0.075,5,13,0.998,3.22,0.62,9.2,5,"bad",1
"5156","red",6.6,0.695,0,2.1,0.075,12,56,0.9968,3.49,0.67,9.2,5,"bad",1
"5157","red",7.7,0.41,0.76,1.8,0.611,8,45,0.9968,3.06,1.26,9.4,5,"bad",1
"5159","red",7.9,0.33,0.23,1.7,0.077,18,45,0.99625,3.29,0.65,9.3,5,"bad",1
"5160","red",7,0.975,0.04,2,0.087,12,67,0.99565,3.35,0.6,9.4,4,"bad",1
"5161","red",8,0.52,0.03,1.7,0.07,10,35,0.99575,3.34,0.57,10,5,"bad",1
"5162","red",7.9,0.37,0.23,1.8,0.077,23,49,0.9963,3.28,0.67,9.3,5,"bad",1
"5163","red",12.5,0.56,0.49,2.4,0.064,5,27,0.9999,3.08,0.87,10.9,5,"bad",1
"5164","red",11.8,0.26,0.52,1.8,0.071,6,10,0.9968,3.2,0.72,10.2,7,"good",1
"5165","red",8.1,0.87,0,3.3,0.096,26,61,1.00025,3.6,0.72,9.8,4,"bad",1
"5166","red",7.9,0.35,0.46,3.6,0.078,15,37,0.9973,3.35,0.86,12.8,8,"good",1
"5170","red",11.5,0.18,0.51,4,0.104,4,23,0.9996,3.28,0.97,10.1,6,"good",1
"5171","red",10.9,0.37,0.58,4,0.071,17,65,0.99935,3.22,0.78,10.1,5,"bad",1
"5172","red",8.4,0.715,0.2,2.4,0.076,10,38,0.99735,3.31,0.64,9.4,5,"bad",1
"5173","red",7.5,0.65,0.18,7,0.088,27,94,0.99915,3.38,0.77,9.4,5,"bad",1
"5174","red",7.9,0.545,0.06,4,0.087,27,61,0.9965,3.36,0.67,10.7,6,"good",1
"5175","red",6.9,0.54,0.04,3,0.077,7,27,0.9987,3.69,0.91,9.4,6,"good",1
"5176","red",11.5,0.18,0.51,4,0.104,4,23,0.9996,3.28,0.97,10.1,6,"good",1
"5177","red",10.3,0.32,0.45,6.4,0.073,5,13,0.9976,3.23,0.82,12.6,8,"good",1
"5180","red",7.7,0.27,0.68,3.5,0.358,5,10,0.9972,3.25,1.08,9.9,7,"good",1
"5181","red",7.6,0.52,0.12,3,0.067,12,53,0.9971,3.36,0.57,9.1,5,"bad",1
"5182","red",8.9,0.4,0.32,5.6,0.087,10,47,0.9991,3.38,0.77,10.5,7,"good",1
"5185","red",12,0.45,0.55,2,0.073,25,49,0.9997,3.1,0.76,10.3,6,"good",1
"5187","red",8.7,0.52,0.09,2.5,0.091,20,49,0.9976,3.34,0.86,10.6,7,"good",1
"5188","red",11.6,0.42,0.53,3.3,0.105,33,98,1.001,3.2,0.95,9.2,5,"bad",1
"5189","red",8.7,0.52,0.09,2.5,0.091,20,49,0.9976,3.34,0.86,10.6,7,"good",1
"5190","red",11,0.2,0.48,2,0.343,6,18,0.9979,3.3,0.71,10.5,5,"bad",1
"5191","red",10.4,0.55,0.23,2.7,0.091,18,48,0.9994,3.22,0.64,10.3,6,"good",1
"5192","red",6.9,0.36,0.25,2.4,0.098,5,16,0.9964,3.41,0.6,10.1,6,"good",1
"5193","red",13.3,0.34,0.52,3.2,0.094,17,53,1.0014,3.05,0.81,9.5,6,"good",1
"5194","red",10.8,0.5,0.46,2.5,0.073,5,27,1.0001,3.05,0.64,9.5,5,"bad",1
"5195","red",10.6,0.83,0.37,2.6,0.086,26,70,0.9981,3.16,0.52,9.9,5,"bad",1
"5196","red",7.1,0.63,0.06,2,0.083,8,29,0.99855,3.67,0.73,9.6,5,"bad",1
"5198","red",6.9,0.67,0.06,2.1,0.08,8,33,0.99845,3.68,0.71,9.6,5,"bad",1
"5199","red",7.5,0.53,0.06,2.6,0.086,20,44,0.9965,3.38,0.59,10.7,6,"good",1
"5200","red",11.1,0.18,0.48,1.5,0.068,7,15,0.9973,3.22,0.64,10.1,6,"good",1
"5201","red",8.3,0.705,0.12,2.6,0.092,12,28,0.9994,3.51,0.72,10,5,"bad",1
"5203","red",8.4,0.65,0.6,2.1,0.112,12,90,0.9973,3.2,0.52,9.2,5,"bad",1
"5204","red",10.3,0.53,0.48,2.5,0.063,6,25,0.9998,3.12,0.59,9.3,6,"good",1
"5205","red",7.6,0.62,0.32,2.2,0.082,7,54,0.9966,3.36,0.52,9.4,5,"bad",1
"5206","red",10.3,0.41,0.42,2.4,0.213,6,14,0.9994,3.19,0.62,9.5,6,"good",1
"5207","red",10.3,0.43,0.44,2.4,0.214,5,12,0.9994,3.19,0.63,9.5,6,"good",1
"5208","red",7.4,0.29,0.38,1.7,0.062,9,30,0.9968,3.41,0.53,9.5,6,"good",1
"5209","red",10.3,0.53,0.48,2.5,0.063,6,25,0.9998,3.12,0.59,9.3,6,"good",1
"5210","red",7.9,0.53,0.24,2,0.072,15,105,0.996,3.27,0.54,9.4,6,"good",1
"5212","red",8.6,0.47,0.3,3,0.076,30,135,0.9976,3.3,0.53,9.4,5,"bad",1
"5214","red",7.1,0.35,0.29,2.5,0.096,20,53,0.9962,3.42,0.65,11,6,"good",1
"5215","red",9.6,0.56,0.23,3.4,0.102,37,92,0.9996,3.3,0.65,10.1,5,"bad",1
"5216","red",9.6,0.77,0.12,2.9,0.082,30,74,0.99865,3.3,0.64,10.4,6,"good",1
"5217","red",9.8,0.66,0.39,3.2,0.083,21,59,0.9989,3.37,0.71,11.5,7,"good",1
"5219","red",9.8,0.66,0.39,3.2,0.083,21,59,0.9989,3.37,0.71,11.5,7,"good",1
"5221","red",7.8,0.62,0.05,2.3,0.079,6,18,0.99735,3.29,0.63,9.3,5,"bad",1
"5222","red",10.3,0.59,0.42,2.8,0.09,35,73,0.999,3.28,0.7,9.5,6,"good",1
"5224","red",10,0.49,0.2,11,0.071,13,50,1.0015,3.16,0.69,9.2,6,"good",1
"5226","red",10.3,0.44,0.5,4.5,0.107,5,13,0.998,3.28,0.83,11.5,5,"bad",1
"5227","red",13.4,0.27,0.62,2.6,0.082,6,21,1.0002,3.16,0.67,9.7,6,"good",1
"5228","red",10.7,0.46,0.39,2,0.061,7,15,0.9981,3.18,0.62,9.5,5,"bad",1
"5229","red",10.2,0.36,0.64,2.9,0.122,10,41,0.998,3.23,0.66,12.5,6,"good",1
"5231","red",8,0.58,0.28,3.2,0.066,21,114,0.9973,3.22,0.54,9.4,6,"good",1
"5232","red",8.4,0.56,0.08,2.1,0.105,16,44,0.9958,3.13,0.52,11,5,"bad",1
"5233","red",7.9,0.65,0.01,2.5,0.078,17,38,0.9963,3.34,0.74,11.7,7,"good",1
"5234","red",11.9,0.695,0.53,3.4,0.128,7,21,0.9992,3.17,0.84,12.2,7,"good",1
"5235","red",8.9,0.43,0.45,1.9,0.052,6,16,0.9948,3.35,0.7,12.5,6,"good",1
"5236","red",7.8,0.43,0.32,2.8,0.08,29,58,0.9974,3.31,0.64,10.3,5,"bad",1
"5237","red",12.4,0.49,0.58,3,0.103,28,99,1.0008,3.16,1,11.5,6,"good",1
"5238","red",12.5,0.28,0.54,2.3,0.082,12,29,0.9997,3.11,1.36,9.8,7,"good",1
"5239","red",12.2,0.34,0.5,2.4,0.066,10,21,1,3.12,1.18,9.2,6,"good",1
"5240","red",10.6,0.42,0.48,2.7,0.065,5,18,0.9972,3.21,0.87,11.3,6,"good",1
"5241","red",10.9,0.39,0.47,1.8,0.118,6,14,0.9982,3.3,0.75,9.8,6,"good",1
"5242","red",10.9,0.39,0.47,1.8,0.118,6,14,0.9982,3.3,0.75,9.8,6,"good",1
"5244","red",7,0.685,0,1.9,0.067,40,63,0.9979,3.6,0.81,9.9,5,"bad",1
"5245","red",6.6,0.815,0.02,2.7,0.072,17,34,0.9955,3.58,0.89,12.3,7,"good",1
"5246","red",13.8,0.49,0.67,3,0.093,6,15,0.9986,3.02,0.93,12,6,"good",1
"5247","red",9.6,0.56,0.31,2.8,0.089,15,46,0.9979,3.11,0.92,10,6,"good",1
"5248","red",9.1,0.785,0,2.6,0.093,11,28,0.9994,3.36,0.86,9.4,6,"good",1
"5249","red",10.7,0.67,0.22,2.7,0.107,17,34,1.0004,3.28,0.98,9.9,6,"good",1
"5250","red",9.1,0.795,0,2.6,0.096,11,26,0.9994,3.35,0.83,9.4,6,"good",1
"5252","red",13.5,0.53,0.79,4.8,0.12,23,77,1.0018,3.18,0.77,13,5,"bad",1
"5254","red",6.7,0.75,0.01,2.4,0.078,17,32,0.9955,3.55,0.61,12.8,6,"good",1
"5255","red",11.5,0.41,0.52,3,0.08,29,55,1.0001,3.26,0.88,11,5,"bad",1
"5256","red",10.5,0.42,0.66,2.95,0.116,12,29,0.997,3.24,0.75,11.7,7,"good",1
"5257","red",11.9,0.43,0.66,3.1,0.109,10,23,1,3.15,0.85,10.4,7,"good",1
"5258","red",12.6,0.38,0.66,2.6,0.088,10,41,1.001,3.17,0.68,9.8,6,"good",1
"5259","red",8.2,0.7,0.23,2,0.099,14,81,0.9973,3.19,0.7,9.4,5,"bad",1
"5261","red",11.9,0.58,0.66,2.5,0.072,6,37,0.9992,3.05,0.56,10,5,"bad",1
"5264","red",10,0.42,0.5,3.4,0.107,7,21,0.9979,3.26,0.93,11.8,6,"good",1
"5265","red",12.8,0.615,0.66,5.8,0.083,7,42,1.0022,3.07,0.73,10,7,"good",1
"5266","red",10.4,0.575,0.61,2.6,0.076,11,24,1,3.16,0.69,9,5,"bad",1
"5267","red",10.3,0.34,0.52,2.8,0.159,15,75,0.9998,3.18,0.64,9.4,5,"bad",1
"5268","red",9.4,0.27,0.53,2.4,0.074,6,18,0.9962,3.2,1.13,12,7,"good",1
"5269","red",6.9,0.765,0.02,2.3,0.063,35,63,0.9975,3.57,0.78,9.9,5,"bad",1
"5271","red",9.1,0.28,0.48,1.8,0.067,26,46,0.9967,3.32,1.04,10.6,6,"good",1
"5272","red",7.4,0.55,0.22,2.2,0.106,12,72,0.9959,3.05,0.63,9.2,5,"bad",1
"5273","red",14,0.41,0.63,3.8,0.089,6,47,1.0014,3.01,0.81,10.8,6,"good",1
"5275","red",11.5,0.45,0.5,3,0.078,19,47,1.0003,3.26,1.11,11,6,"good",1
"5278","red",8.3,0.42,0.38,2.5,0.094,24,60,0.9979,3.31,0.7,10.8,6,"good",1
"5279","red",8.3,0.26,0.42,2,0.08,11,27,0.9974,3.21,0.8,9.4,6,"good",1
"5281","red",8.3,0.26,0.42,2,0.08,11,27,0.9974,3.21,0.8,9.4,6,"good",1
"5283","red",7.7,0.51,0.28,2.1,0.087,23,54,0.998,3.42,0.74,9.2,5,"bad",1
"5284","red",7.4,0.63,0.07,2.4,0.09,11,37,0.9979,3.43,0.76,9.7,6,"good",1
"5285","red",7.8,0.54,0.26,2,0.088,23,48,0.9981,3.41,0.74,9.2,6,"good",1
"5286","red",8.3,0.66,0.15,1.9,0.079,17,42,0.9972,3.31,0.54,9.6,6,"good",1
"5287","red",7.8,0.46,0.26,1.9,0.088,23,53,0.9981,3.43,0.74,9.2,6,"good",1
"5288","red",9.6,0.38,0.31,2.5,0.096,16,49,0.9982,3.19,0.7,10,7,"good",1
"5289","red",5.6,0.85,0.05,1.4,0.045,12,88,0.9924,3.56,0.82,12.9,8,"good",1
"5290","red",13.7,0.415,0.68,2.9,0.085,17,43,1.0014,3.06,0.8,10,6,"good",1
"5291","red",9.5,0.37,0.52,2,0.082,6,26,0.998,3.18,0.51,9.5,5,"bad",1
"5292","red",8.4,0.665,0.61,2,0.112,13,95,0.997,3.16,0.54,9.1,5,"bad",1
"5293","red",12.7,0.6,0.65,2.3,0.063,6,25,0.9997,3.03,0.57,9.9,5,"bad",1
"5294","red",12,0.37,0.76,4.2,0.066,7,38,1.0004,3.22,0.6,13,7,"good",1
"5295","red",6.6,0.735,0.02,7.9,0.122,68,124,0.9994,3.47,0.53,9.9,5,"bad",1
"5296","red",11.5,0.59,0.59,2.6,0.087,13,49,0.9988,3.18,0.65,11,6,"good",1
"5297","red",11.5,0.59,0.59,2.6,0.087,13,49,0.9988,3.18,0.65,11,6,"good",1
"5298","red",8.7,0.765,0.22,2.3,0.064,9,42,0.9963,3.1,0.55,9.4,5,"bad",1
"5299","red",6.6,0.735,0.02,7.9,0.122,68,124,0.9994,3.47,0.53,9.9,5,"bad",1
"5302","red",11.4,0.6,0.49,2.7,0.085,10,41,0.9994,3.15,0.63,10.5,6,"good",1
"5303","red",7.7,0.69,0.05,2.7,0.075,15,27,0.9974,3.26,0.61,9.1,5,"bad",1
"5304","red",8.7,0.31,0.46,1.4,0.059,11,25,0.9966,3.36,0.76,10.1,6,"good",1
"5305","red",9.8,0.44,0.47,2.5,0.063,9,28,0.9981,3.24,0.65,10.8,6,"good",1
"5306","red",12,0.39,0.66,3,0.093,12,30,0.9996,3.18,0.63,10.8,7,"good",1
"5307","red",10.4,0.34,0.58,3.7,0.174,6,16,0.997,3.19,0.7,11.3,6,"good",1
"5309","red",9,0.43,0.34,2.5,0.08,26,86,0.9987,3.38,0.62,9.5,6,"good",1
"5310","red",9.1,0.45,0.35,2.4,0.08,23,78,0.9987,3.38,0.62,9.5,5,"bad",1
"5311","red",7.1,0.735,0.16,1.9,0.1,15,77,0.9966,3.27,0.64,9.3,5,"bad",1
"5312","red",9.9,0.4,0.53,6.7,0.097,6,19,0.9986,3.27,0.82,11.7,7,"good",1
"5313","red",8.8,0.52,0.34,2.7,0.087,24,122,0.9982,3.26,0.61,9.5,5,"bad",1
"5314","red",8.6,0.725,0.24,6.6,0.117,31,134,1.0014,3.32,1.07,9.3,5,"bad",1
"5315","red",10.6,0.48,0.64,2.2,0.111,6,20,0.997,3.26,0.66,11.7,6,"good",1
"5316","red",7,0.58,0.12,1.9,0.091,34,124,0.9956,3.44,0.48,10.5,5,"bad",1
"5317","red",11.9,0.38,0.51,2,0.121,7,20,0.9996,3.24,0.76,10.4,6,"good",1
"5318","red",6.8,0.77,0,1.8,0.066,34,52,0.9976,3.62,0.68,9.9,5,"bad",1
"5319","red",9.5,0.56,0.33,2.4,0.089,35,67,0.9972,3.28,0.73,11.8,7,"good",1
"5320","red",6.6,0.84,0.03,2.3,0.059,32,48,0.9952,3.52,0.56,12.3,7,"good",1
"5323","red",7.7,0.96,0.2,2,0.047,15,60,0.9955,3.36,0.44,10.9,5,"bad",1
"5324","red",6.6,0.84,0.03,2.3,0.059,32,48,0.9952,3.52,0.56,12.3,7,"good",1
"5325","red",6.4,0.67,0.08,2.1,0.045,19,48,0.9949,3.49,0.49,11.4,6,"good",1
"5326","red",9.5,0.78,0.22,1.9,0.077,6,32,0.9988,3.26,0.56,10.6,6,"good",1
"5327","red",9.1,0.52,0.33,1.3,0.07,9,30,0.9978,3.24,0.6,9.3,5,"bad",1
"5329","red",10.5,0.24,0.47,2.1,0.066,6,24,0.9978,3.15,0.9,11,7,"good",1
"5330","red",7.8,0.55,0.35,2.2,0.074,21,66,0.9974,3.25,0.56,9.2,5,"bad",1
"5331","red",11.9,0.37,0.69,2.3,0.078,12,24,0.9958,3,0.65,12.8,6,"good",1
"5332","red",12.3,0.39,0.63,2.3,0.091,6,18,1.0004,3.16,0.49,9.5,5,"bad",1
"5334","red",12.3,0.39,0.63,2.3,0.091,6,18,1.0004,3.16,0.49,9.5,5,"bad",1
"5335","red",8,0.67,0.3,2,0.06,38,62,0.9958,3.26,0.56,10.2,6,"good",1
"5336","red",11.1,0.45,0.73,3.2,0.066,6,22,0.9986,3.17,0.66,11.2,6,"good",1
"5337","red",10.4,0.41,0.55,3.2,0.076,22,54,0.9996,3.15,0.89,9.9,6,"good",1
"5338","red",7,0.62,0.18,1.5,0.062,7,50,0.9951,3.08,0.6,9.3,5,"bad",1
"5339","red",12.6,0.31,0.72,2.2,0.072,6,29,0.9987,2.88,0.82,9.8,8,"good",1
"5340","red",11.9,0.4,0.65,2.15,0.068,7,27,0.9988,3.06,0.68,11.3,6,"good",1
"5341","red",15.6,0.685,0.76,3.7,0.1,6,43,1.0032,2.95,0.68,11.2,7,"good",1
"5343","red",5.3,0.57,0.01,1.7,0.054,5,27,0.9934,3.57,0.84,12.5,7,"good",1
"5344","red",9.5,0.735,0.1,2.1,0.079,6,31,0.9986,3.23,0.56,10.1,6,"good",1
"5345","red",12.5,0.38,0.6,2.6,0.081,31,72,0.9996,3.1,0.73,10.5,5,"bad",1
"5346","red",9.3,0.48,0.29,2.1,0.127,6,16,0.9968,3.22,0.72,11.2,5,"bad",1
"5347","red",8.6,0.53,0.22,2,0.1,7,27,0.9967,3.2,0.56,10.2,6,"good",1
"5350","red",8.4,0.37,0.53,1.8,0.413,9,26,0.9979,3.06,1.06,9.1,6,"good",1
"5351","red",6.8,0.56,0.03,1.7,0.084,18,35,0.9968,3.44,0.63,10,6,"good",1
"5352","red",10.4,0.33,0.63,2.8,0.084,5,22,0.9998,3.26,0.74,11.2,7,"good",1
"5353","red",7,0.23,0.4,1.6,0.063,21,67,0.9952,3.5,0.63,11.1,5,"bad",1
"5355","red",8.9,0.59,0.39,2.3,0.095,5,22,0.9986,3.37,0.58,10.3,5,"bad",1
"5357","red",10.4,0.33,0.63,2.8,0.084,5,22,0.9998,3.26,0.74,11.2,7,"good",1
"5358","red",11.6,0.58,0.66,2.2,0.074,10,47,1.0008,3.25,0.57,9,3,"bad",1
"5359","red",9.2,0.43,0.52,2.3,0.083,14,23,0.9976,3.35,0.61,11.3,6,"good",1
"5360","red",8.3,0.615,0.22,2.6,0.087,6,19,0.9982,3.26,0.61,9.3,5,"bad",1
"5361","red",11,0.26,0.68,2.55,0.085,10,25,0.997,3.18,0.61,11.8,5,"bad",1
"5362","red",8.1,0.66,0.7,2.2,0.098,25,129,0.9972,3.08,0.53,9,5,"bad",1
"5363","red",11.5,0.315,0.54,2.1,0.084,5,15,0.9987,2.98,0.7,9.2,6,"good",1
"5365","red",10.3,0.5,0.42,2,0.069,21,51,0.9982,3.16,0.72,11.5,6,"good",1
"5367","red",11.4,0.36,0.69,2.1,0.09,6,21,1,3.17,0.62,9.2,6,"good",1
"5368","red",8.7,0.82,0.02,1.2,0.07,36,48,0.9952,3.2,0.58,9.8,5,"bad",1
"5369","red",13,0.32,0.65,2.6,0.093,15,47,0.9996,3.05,0.61,10.6,5,"bad",1
"5370","red",9.6,0.54,0.42,2.4,0.081,25,52,0.997,3.2,0.71,11.4,6,"good",1
"5371","red",12.5,0.37,0.55,2.6,0.083,25,68,0.9995,3.15,0.82,10.4,6,"good",1
"5372","red",9.9,0.35,0.55,2.1,0.062,5,14,0.9971,3.26,0.79,10.6,5,"bad",1
"5373","red",10.5,0.28,0.51,1.7,0.08,10,24,0.9982,3.2,0.89,9.4,6,"good",1
"5374","red",9.6,0.68,0.24,2.2,0.087,5,28,0.9988,3.14,0.6,10.2,5,"bad",1
"5375","red",9.3,0.27,0.41,2,0.091,6,16,0.998,3.28,0.7,9.7,5,"bad",1
"5376","red",10.4,0.24,0.49,1.8,0.075,6,20,0.9977,3.18,1.06,11,6,"good",1
"5377","red",9.6,0.68,0.24,2.2,0.087,5,28,0.9988,3.14,0.6,10.2,5,"bad",1
"5378","red",9.4,0.685,0.11,2.7,0.077,6,31,0.9984,3.19,0.7,10.1,6,"good",1
"5379","red",10.6,0.28,0.39,15.5,0.069,6,23,1.0026,3.12,0.66,9.2,5,"bad",1
"5380","red",9.4,0.3,0.56,2.8,0.08,6,17,0.9964,3.15,0.92,11.7,8,"good",1
"5381","red",10.6,0.36,0.59,2.2,0.152,6,18,0.9986,3.04,1.05,9.4,5,"bad",1
"5382","red",10.6,0.36,0.6,2.2,0.152,7,18,0.9986,3.04,1.06,9.4,5,"bad",1
"5384","red",10.2,0.67,0.39,1.9,0.054,6,17,0.9976,3.17,0.47,10,5,"bad",1
"5385","red",10.2,0.67,0.39,1.9,0.054,6,17,0.9976,3.17,0.47,10,5,"bad",1
"5386","red",10.2,0.645,0.36,1.8,0.053,5,14,0.9982,3.17,0.42,10,6,"good",1
"5387","red",11.6,0.32,0.55,2.8,0.081,35,67,1.0002,3.32,0.92,10.8,7,"good",1
"5392","red",8.7,0.69,0.31,3,0.086,23,81,1.0002,3.48,0.74,11.6,6,"good",1
"5393","red",6.5,0.39,0.23,8.3,0.051,28,91,0.9952,3.44,0.55,12.1,6,"good",1
"5394","red",10.7,0.35,0.53,2.6,0.07,5,16,0.9972,3.15,0.65,11,8,"good",1
"5396","red",7.2,0.34,0.32,2.5,0.09,43,113,0.9966,3.32,0.79,11.1,5,"bad",1
"5398","red",8.7,0.69,0.31,3,0.086,23,81,1.0002,3.48,0.74,11.6,6,"good",1
"5399","red",7.8,0.52,0.25,1.9,0.081,14,38,0.9984,3.43,0.65,9,6,"good",1
"5400","red",10.4,0.44,0.73,6.55,0.074,38,76,0.999,3.17,0.85,12,7,"good",1
"5402","red",10.5,0.26,0.47,1.9,0.078,6,24,0.9976,3.18,1.04,10.9,7,"good",1
"5403","red",10.5,0.24,0.42,1.8,0.077,6,22,0.9976,3.21,1.05,10.8,7,"good",1
"5404","red",10.2,0.49,0.63,2.9,0.072,10,26,0.9968,3.16,0.78,12.5,7,"good",1
"5405","red",10.4,0.24,0.46,1.8,0.075,6,21,0.9976,3.25,1.02,10.8,7,"good",1
"5406","red",11.2,0.67,0.55,2.3,0.084,6,13,1,3.17,0.71,9.5,6,"good",1
"5407","red",10,0.59,0.31,2.2,0.09,26,62,0.9994,3.18,0.63,10.2,6,"good",1
"5408","red",13.3,0.29,0.75,2.8,0.084,23,43,0.9986,3.04,0.68,11.4,7,"good",1
"5409","red",12.4,0.42,0.49,4.6,0.073,19,43,0.9978,3.02,0.61,9.5,5,"bad",1
"5410","red",10,0.59,0.31,2.2,0.09,26,62,0.9994,3.18,0.63,10.2,6,"good",1
"5411","red",10.7,0.4,0.48,2.1,0.125,15,49,0.998,3.03,0.81,9.7,6,"good",1
"5412","red",10.5,0.51,0.64,2.4,0.107,6,15,0.9973,3.09,0.66,11.8,7,"good",1
"5413","red",10.5,0.51,0.64,2.4,0.107,6,15,0.9973,3.09,0.66,11.8,7,"good",1
"5414","red",8.5,0.655,0.49,6.1,0.122,34,151,1.001,3.31,1.14,9.3,5,"bad",1
"5415","red",12.5,0.6,0.49,4.3,0.1,5,14,1.001,3.25,0.74,11.9,6,"good",1
"5417","red",10.9,0.21,0.49,2.8,0.088,11,32,0.9972,3.22,0.68,11.7,6,"good",1
"5418","red",7.3,0.365,0.49,2.5,0.088,39,106,0.9966,3.36,0.78,11,5,"bad",1
"5420","red",7.6,0.41,0.49,2,0.088,16,43,0.998,3.48,0.64,9.1,5,"bad",1
"5421","red",8.2,0.39,0.49,2.3,0.099,47,133,0.9979,3.38,0.99,9.8,5,"bad",1
"5422","red",9.3,0.4,0.49,2.5,0.085,38,142,0.9978,3.22,0.55,9.4,5,"bad",1
"5424","red",10.4,0.64,0.24,2.8,0.105,29,53,0.9998,3.24,0.67,9.9,5,"bad",1
"5425","red",7.3,0.365,0.49,2.5,0.088,39,106,0.9966,3.36,0.78,11,5,"bad",1
"5426","red",7,0.38,0.49,2.5,0.097,33,85,0.9962,3.39,0.77,11.4,6,"good",1
"5428","red",9.9,0.63,0.24,2.4,0.077,6,33,0.9974,3.09,0.57,9.4,5,"bad",1
"5429","red",9.1,0.22,0.24,2.1,0.078,1,28,0.999,3.41,0.87,10.3,6,"good",1
"5430","red",11.9,0.38,0.49,2.7,0.098,12,42,1.0004,3.16,0.61,10.3,5,"bad",1
"5431","red",11.9,0.38,0.49,2.7,0.098,12,42,1.0004,3.16,0.61,10.3,5,"bad",1
"5432","red",10.3,0.27,0.24,2.1,0.072,15,33,0.9956,3.22,0.66,12.8,6,"good",1
"5433","red",10,0.48,0.24,2.7,0.102,13,32,1,3.28,0.56,10,6,"good",1
"5435","red",9.9,0.63,0.24,2.4,0.077,6,33,0.9974,3.09,0.57,9.4,5,"bad",1
"5436","red",8.1,0.825,0.24,2.1,0.084,5,13,0.9972,3.37,0.77,10.7,6,"good",1
"5437","red",12.9,0.35,0.49,5.8,0.066,5,35,1.0014,3.2,0.66,12,7,"good",1
"5438","red",11.2,0.5,0.74,5.15,0.1,5,17,0.9996,3.22,0.62,11.2,5,"bad",1
"5439","red",9.2,0.59,0.24,3.3,0.101,20,47,0.9988,3.26,0.67,9.6,5,"bad",1
"5440","red",9.5,0.46,0.49,6.3,0.064,5,17,0.9988,3.21,0.73,11,6,"good",1
"5441","red",9.3,0.715,0.24,2.1,0.07,5,20,0.9966,3.12,0.59,9.9,5,"bad",1
"5442","red",11.2,0.66,0.24,2.5,0.085,16,53,0.9993,3.06,0.72,11,6,"good",1
"5444","red",9.1,0.47,0.49,2.6,0.094,38,106,0.9982,3.08,0.59,9.1,5,"bad",1
"5445","red",7.5,0.55,0.24,2,0.078,10,28,0.9983,3.45,0.78,9.5,6,"good",1
"5446","red",10.6,0.31,0.49,2.5,0.067,6,21,0.9987,3.26,0.86,10.7,6,"good",1
"5447","red",12.4,0.35,0.49,2.6,0.079,27,69,0.9994,3.12,0.75,10.4,6,"good",1
"5448","red",9,0.53,0.49,1.9,0.171,6,25,0.9975,3.27,0.61,9.4,6,"good",1
"5449","red",6.8,0.51,0.01,2.1,0.074,9,25,0.9958,3.33,0.56,9.5,6,"good",1
"5450","red",9.4,0.43,0.24,2.8,0.092,14,45,0.998,3.19,0.73,10,6,"good",1
"5451","red",9.5,0.46,0.24,2.7,0.092,14,44,0.998,3.12,0.74,10,6,"good",1
"5454","red",15.5,0.645,0.49,4.2,0.095,10,23,1.00315,2.92,0.74,11.1,5,"bad",1
"5456","red",15.6,0.645,0.49,4.2,0.095,10,23,1.00315,2.92,0.74,11.1,5,"bad",1
"5457","red",10.9,0.53,0.49,4.6,0.118,10,17,1.0002,3.07,0.56,11.7,6,"good",1
"5459","red",12.7,0.6,0.49,2.8,0.075,5,19,0.9994,3.14,0.57,11.4,5,"bad",1
"5460","red",9,0.44,0.49,2.4,0.078,26,121,0.9978,3.23,0.58,9.2,5,"bad",1
"5461","red",9,0.54,0.49,2.9,0.094,41,110,0.9982,3.08,0.61,9.2,5,"bad",1
"5462","red",7.6,0.29,0.49,2.7,0.092,25,60,0.9971,3.31,0.61,10.1,6,"good",1
"5463","red",13,0.47,0.49,4.3,0.085,6,47,1.0021,3.3,0.68,12.7,6,"good",1
"5464","red",12.7,0.6,0.49,2.8,0.075,5,19,0.9994,3.14,0.57,11.4,5,"bad",1
"5465","red",8.7,0.7,0.24,2.5,0.226,5,15,0.9991,3.32,0.6,9,6,"good",1
"5466","red",8.7,0.7,0.24,2.5,0.226,5,15,0.9991,3.32,0.6,9,6,"good",1
"5467","red",9.8,0.5,0.49,2.6,0.25,5,20,0.999,3.31,0.79,10.7,6,"good",1
"5468","red",6.2,0.36,0.24,2.2,0.095,19,42,0.9946,3.57,0.57,11.7,6,"good",1
"5469","red",11.5,0.35,0.49,3.3,0.07,10,37,1.0003,3.32,0.91,11,6,"good",1
"5472","red",10.5,0.59,0.49,2.1,0.07,14,47,0.9991,3.3,0.56,9.6,4,"bad",1
"5473","red",10.6,0.34,0.49,3.2,0.078,20,78,0.9992,3.19,0.7,10,6,"good",1
"5474","red",12.3,0.27,0.49,3.1,0.079,28,46,0.9993,3.2,0.8,10.2,6,"good",1
"5475","red",9.9,0.5,0.24,2.3,0.103,6,14,0.9978,3.34,0.52,10,4,"bad",1
"5476","red",8.8,0.44,0.49,2.8,0.083,18,111,0.9982,3.3,0.6,9.5,5,"bad",1
"5477","red",8.8,0.47,0.49,2.9,0.085,17,110,0.9982,3.29,0.6,9.8,5,"bad",1
"5478","red",10.6,0.31,0.49,2.2,0.063,18,40,0.9976,3.14,0.51,9.8,6,"good",1
"5480","red",12.3,0.5,0.49,2.2,0.089,5,14,1.0002,3.19,0.44,9.6,5,"bad",1
"5481","red",11.7,0.49,0.49,2.2,0.083,5,15,1,3.19,0.43,9.2,5,"bad",1
"5482","red",12,0.28,0.49,1.9,0.074,10,21,0.9976,2.98,0.66,9.9,7,"good",1
"5483","red",11.8,0.33,0.49,3.4,0.093,54,80,1.0002,3.3,0.76,10.7,7,"good",1
"5484","red",7.6,0.51,0.24,2.4,0.091,8,38,0.998,3.47,0.66,9.6,6,"good",1
"5485","red",11.1,0.31,0.49,2.7,0.094,16,47,0.9986,3.12,1.02,10.6,7,"good",1
"5486","red",7.3,0.73,0.24,1.9,0.108,18,102,0.9967,3.26,0.59,9.3,5,"bad",1
"5487","red",5,0.42,0.24,2,0.06,19,50,0.9917,3.72,0.74,14,8,"good",1
"5488","red",10.2,0.29,0.49,2.6,0.059,5,13,0.9976,3.05,0.74,10.5,7,"good",1
"5489","red",9,0.45,0.49,2.6,0.084,21,75,0.9987,3.35,0.57,9.7,5,"bad",1
"5490","red",6.6,0.39,0.49,1.7,0.07,23,149,0.9922,3.12,0.5,11.5,6,"good",1
"5491","red",9,0.45,0.49,2.6,0.084,21,75,0.9987,3.35,0.57,9.7,5,"bad",1
"5492","red",9.9,0.49,0.58,3.5,0.094,9,43,1.0004,3.29,0.58,9,5,"bad",1
"5493","red",7.9,0.72,0.17,2.6,0.096,20,38,0.9978,3.4,0.53,9.5,5,"bad",1
"5494","red",8.9,0.595,0.41,7.9,0.086,30,109,0.9998,3.27,0.57,9.3,5,"bad",1
"5495","red",12.4,0.4,0.51,2,0.059,6,24,0.9994,3.04,0.6,9.3,6,"good",1
"5496","red",11.9,0.58,0.58,1.9,0.071,5,18,0.998,3.09,0.63,10,6,"good",1
"5497","red",8.5,0.585,0.18,2.1,0.078,5,30,0.9967,3.2,0.48,9.8,6,"good",1
"5500","red",13.2,0.46,0.52,2.2,0.071,12,35,1.0006,3.1,0.56,9,6,"good",1
"5501","red",7.7,0.835,0,2.6,0.081,6,14,0.9975,3.3,0.52,9.3,5,"bad",1
"5504","red",8.3,0.6,0.13,2.6,0.085,6,24,0.9984,3.31,0.59,9.2,6,"good",1
"5506","red",8.8,0.48,0.41,3.3,0.092,26,52,0.9982,3.31,0.53,10.5,6,"good",1
"5507","red",10.1,0.65,0.37,5.1,0.11,11,65,1.0026,3.32,0.64,10.4,6,"good",1
"5508","red",6.3,0.36,0.19,3.2,0.075,15,39,0.9956,3.56,0.52,12.7,6,"good",1
"5509","red",8.8,0.24,0.54,2.5,0.083,25,57,0.9983,3.39,0.54,9.2,5,"bad",1
"5510","red",13.2,0.38,0.55,2.7,0.081,5,16,1.0006,2.98,0.54,9.4,5,"bad",1
"5511","red",7.5,0.64,0,2.4,0.077,18,29,0.9965,3.32,0.6,10,6,"good",1
"5512","red",8.2,0.39,0.38,1.5,0.058,10,29,0.9962,3.26,0.74,9.8,5,"bad",1
"5513","red",9.2,0.755,0.18,2.2,0.148,10,103,0.9969,2.87,1.36,10.2,6,"good",1
"5515","red",9.6,0.6,0.5,2.3,0.079,28,71,0.9997,3.5,0.57,9.7,5,"bad",1
"5516","red",11.5,0.31,0.51,2.2,0.079,14,28,0.9982,3.03,0.93,9.8,6,"good",1
"5517","red",11.4,0.46,0.5,2.7,0.122,4,17,1.0006,3.13,0.7,10.2,5,"bad",1
"5519","red",8.3,0.54,0.24,3.4,0.076,16,112,0.9976,3.27,0.61,9.4,5,"bad",1
"5520","red",8.2,0.56,0.23,3.4,0.078,14,104,0.9976,3.28,0.62,9.4,5,"bad",1
"5521","red",10,0.58,0.22,1.9,0.08,9,32,0.9974,3.13,0.55,9.5,5,"bad",1
"5522","red",7.9,0.51,0.25,2.9,0.077,21,45,0.9974,3.49,0.96,12.1,6,"good",1
"5523","red",6.8,0.69,0,5.6,0.124,21,58,0.9997,3.46,0.72,10.2,5,"bad",1
"5524","red",6.8,0.69,0,5.6,0.124,21,58,0.9997,3.46,0.72,10.2,5,"bad",1
"5525","red",8.8,0.6,0.29,2.2,0.098,5,15,0.9988,3.36,0.49,9.1,5,"bad",1
"5526","red",8.8,0.6,0.29,2.2,0.098,5,15,0.9988,3.36,0.49,9.1,5,"bad",1
"5527","red",8.7,0.54,0.26,2.5,0.097,7,31,0.9976,3.27,0.6,9.3,6,"good",1
"5528","red",7.6,0.685,0.23,2.3,0.111,20,84,0.9964,3.21,0.61,9.3,5,"bad",1
"5529","red",8.7,0.54,0.26,2.5,0.097,7,31,0.9976,3.27,0.6,9.3,6,"good",1
"5530","red",10.4,0.28,0.54,2.7,0.105,5,19,0.9988,3.25,0.63,9.5,5,"bad",1
"5531","red",7.6,0.41,0.14,3,0.087,21,43,0.9964,3.32,0.57,10.5,6,"good",1
"5532","red",10.1,0.935,0.22,3.4,0.105,11,86,1.001,3.43,0.64,11.3,4,"bad",1
"5533","red",7.9,0.35,0.21,1.9,0.073,46,102,0.9964,3.27,0.58,9.5,5,"bad",1
"5534","red",8.7,0.84,0,1.4,0.065,24,33,0.9954,3.27,0.55,9.7,5,"bad",1
"5536","red",9.5,0.885,0.27,2.3,0.084,31,145,0.9978,3.24,0.53,9.4,5,"bad",1
"5537","red",7.7,0.915,0.12,2.2,0.143,7,23,0.9964,3.35,0.65,10.2,7,"good",1
"5538","red",8.9,0.29,0.35,1.9,0.067,25,57,0.997,3.18,1.36,10.3,6,"good",1
"5540","red",9.5,0.59,0.44,2.3,0.071,21,68,0.9992,3.46,0.63,9.5,5,"bad",1
"5541","red",9.9,0.54,0.45,2.3,0.071,16,40,0.9991,3.39,0.62,9.4,5,"bad",1
"5542","red",9.5,0.59,0.44,2.3,0.071,21,68,0.9992,3.46,0.63,9.5,5,"bad",1
"5543","red",9.9,0.54,0.45,2.3,0.071,16,40,0.9991,3.39,0.62,9.4,5,"bad",1
"5544","red",7.8,0.64,0.1,6,0.115,5,11,0.9984,3.37,0.69,10.1,7,"good",1
"5545","red",7.3,0.67,0.05,3.6,0.107,6,20,0.9972,3.4,0.63,10.1,5,"bad",1
"5546","red",8.3,0.845,0.01,2.2,0.07,5,14,0.9967,3.32,0.58,11,4,"bad",1
"5548","red",6.7,0.42,0.27,8.6,0.068,24,148,0.9948,3.16,0.57,11.3,6,"good",1
"5550","red",9.8,0.88,0.25,2.5,0.104,35,155,1.001,3.41,0.67,11.2,5,"bad",1
"5552","red",9.4,0.33,0.59,2.8,0.079,9,30,0.9976,3.12,0.54,12,6,"good",1
"5553","red",8.6,0.47,0.47,2.4,0.074,7,29,0.9979,3.08,0.46,9.5,5,"bad",1
"5554","red",9.7,0.55,0.17,2.9,0.087,20,53,1.0004,3.14,0.61,9.4,5,"bad",1
"5555","red",10.7,0.43,0.39,2.2,0.106,8,32,0.9986,2.89,0.5,9.6,5,"bad",1
"5556","red",12,0.5,0.59,1.4,0.073,23,42,0.998,2.92,0.68,10.5,7,"good",1
"5557","red",7.2,0.52,0.07,1.4,0.074,5,20,0.9973,3.32,0.81,9.6,6,"good",1
"5558","red",7.1,0.84,0.02,4.4,0.096,5,13,0.997,3.41,0.57,11,4,"bad",1
"5559","red",7.2,0.52,0.07,1.4,0.074,5,20,0.9973,3.32,0.81,9.6,6,"good",1
"5560","red",7.5,0.42,0.31,1.6,0.08,15,42,0.9978,3.31,0.64,9,5,"bad",1
"5561","red",7.2,0.57,0.06,1.6,0.076,9,27,0.9972,3.36,0.7,9.6,6,"good",1
"5563","red",12.1,0.4,0.52,2,0.092,15,54,1,3.03,0.66,10.2,5,"bad",1
"5564","red",9.4,0.59,0.14,2,0.084,25,48,0.9981,3.14,0.56,9.7,5,"bad",1
"5565","red",8.3,0.49,0.36,1.8,0.222,6,16,0.998,3.18,0.6,9.5,6,"good",1
"5567","red",10,0.73,0.43,2.3,0.059,15,31,0.9966,3.15,0.57,11,5,"bad",1
"5568","red",11.3,0.34,0.45,2,0.082,6,15,0.9988,2.94,0.66,9.2,6,"good",1
"5569","red",6.9,0.4,0.24,2.5,0.083,30,45,0.9959,3.26,0.58,10,5,"bad",1
"5570","red",8.2,0.73,0.21,1.7,0.074,5,13,0.9968,3.2,0.52,9.5,5,"bad",1
"5571","red",9.8,1.24,0.34,2,0.079,32,151,0.998,3.15,0.53,9.5,5,"bad",1
"5572","red",8.2,0.73,0.21,1.7,0.074,5,13,0.9968,3.2,0.52,9.5,5,"bad",1
"5573","red",10.8,0.4,0.41,2.2,0.084,7,17,0.9984,3.08,0.67,9.3,6,"good",1
"5574","red",9.3,0.41,0.39,2.2,0.064,12,31,0.9984,3.26,0.65,10.2,5,"bad",1
"5575","red",10.8,0.4,0.41,2.2,0.084,7,17,0.9984,3.08,0.67,9.3,6,"good",1
"5576","red",8.6,0.8,0.11,2.3,0.084,12,31,0.9979,3.4,0.48,9.9,5,"bad",1
"5577","red",8.3,0.78,0.1,2.6,0.081,45,87,0.9983,3.48,0.53,10,5,"bad",1
"5578","red",10.8,0.26,0.45,3.3,0.06,20,49,0.9972,3.13,0.54,9.6,5,"bad",1
"5579","red",13.3,0.43,0.58,1.9,0.07,15,40,1.0004,3.06,0.49,9,5,"bad",1
"5580","red",8,0.45,0.23,2.2,0.094,16,29,0.9962,3.21,0.49,10.2,6,"good",1
"5581","red",8.5,0.46,0.31,2.25,0.078,32,58,0.998,3.33,0.54,9.8,5,"bad",1
"5582","red",8.1,0.78,0.23,2.6,0.059,5,15,0.997,3.37,0.56,11.3,5,"bad",1
"5583","red",9.8,0.98,0.32,2.3,0.078,35,152,0.998,3.25,0.48,9.4,5,"bad",1
"5584","red",8.1,0.78,0.23,2.6,0.059,5,15,0.997,3.37,0.56,11.3,5,"bad",1
"5585","red",7.1,0.65,0.18,1.8,0.07,13,40,0.997,3.44,0.6,9.1,5,"bad",1
"5586","red",9.1,0.64,0.23,3.1,0.095,13,38,0.9998,3.28,0.59,9.7,5,"bad",1
"5587","red",7.7,0.66,0.04,1.6,0.039,4,9,0.9962,3.4,0.47,9.4,5,"bad",1
"5588","red",8.1,0.38,0.48,1.8,0.157,5,17,0.9976,3.3,1.05,9.4,5,"bad",1
"5589","red",7.4,1.185,0,4.25,0.097,5,14,0.9966,3.63,0.54,10.7,3,"bad",1
"5590","red",9.2,0.92,0.24,2.6,0.087,12,93,0.9998,3.48,0.54,9.8,5,"bad",1
"5591","red",8.6,0.49,0.51,2,0.422,16,62,0.9979,3.03,1.17,9,5,"bad",1
"5592","red",9,0.48,0.32,2.8,0.084,21,122,0.9984,3.32,0.62,9.4,5,"bad",1
"5593","red",9,0.47,0.31,2.7,0.084,24,125,0.9984,3.31,0.61,9.4,5,"bad",1
"5594","red",5.1,0.47,0.02,1.3,0.034,18,44,0.9921,3.9,0.62,12.8,6,"good",1
"5595","red",7,0.65,0.02,2.1,0.066,8,25,0.9972,3.47,0.67,9.5,6,"good",1
"5597","red",9.4,0.615,0.28,3.2,0.087,18,72,1.0001,3.31,0.53,9.7,5,"bad",1
"5598","red",11.8,0.38,0.55,2.1,0.071,5,19,0.9986,3.11,0.62,10.8,6,"good",1
"5599","red",10.6,1.02,0.43,2.9,0.076,26,88,0.9984,3.08,0.57,10.1,6,"good",1
"5600","red",7,0.65,0.02,2.1,0.066,8,25,0.9972,3.47,0.67,9.5,6,"good",1
"5602","red",7.5,0.38,0.48,2.6,0.073,22,84,0.9972,3.32,0.7,9.6,4,"bad",1
"5603","red",9.1,0.765,0.04,1.6,0.078,4,14,0.998,3.29,0.54,9.7,4,"bad",1
"5604","red",8.4,1.035,0.15,6,0.073,11,54,0.999,3.37,0.49,9.9,5,"bad",1
"5605","red",7,0.78,0.08,2,0.093,10,19,0.9956,3.4,0.47,10,5,"bad",1
"5606","red",7.4,0.49,0.19,3,0.077,16,37,0.9966,3.37,0.51,10.5,5,"bad",1
"5607","red",7.8,0.545,0.12,2.5,0.068,11,35,0.996,3.34,0.61,11.6,6,"good",1
"5608","red",9.7,0.31,0.47,1.6,0.062,13,33,0.9983,3.27,0.66,10,6,"good",1
"5609","red",10.6,1.025,0.43,2.8,0.08,21,84,0.9985,3.06,0.57,10.1,5,"bad",1
"5610","red",8.9,0.565,0.34,3,0.093,16,112,0.9998,3.38,0.61,9.5,5,"bad",1
"5611","red",8.7,0.69,0,3.2,0.084,13,33,0.9992,3.36,0.45,9.4,5,"bad",1
"5614","red",7.2,0.49,0.18,2.7,0.069,13,34,0.9967,3.29,0.48,9.2,6,"good",1
"5616","red",7.6,0.46,0.11,2.6,0.079,12,49,0.9968,3.21,0.57,10,5,"bad",1
"5617","red",8.4,0.56,0.04,2,0.082,10,22,0.9976,3.22,0.44,9.6,5,"bad",1
"5618","red",7.1,0.66,0,3.9,0.086,17,45,0.9976,3.46,0.54,9.5,5,"bad",1
"5619","red",8.4,0.56,0.04,2,0.082,10,22,0.9976,3.22,0.44,9.6,5,"bad",1
"5620","red",8.9,0.48,0.24,2.85,0.094,35,106,0.9982,3.1,0.53,9.2,5,"bad",1
"5621","red",7.6,0.42,0.08,2.7,0.084,15,48,0.9968,3.21,0.59,10,5,"bad",1
"5623","red",7.5,1.115,0.1,3.1,0.086,5,12,0.9958,3.54,0.6,11.2,4,"bad",1
"5624","red",9,0.66,0.17,3,0.077,5,13,0.9976,3.29,0.55,10.4,5,"bad",1
"5625","red",8.1,0.72,0.09,2.8,0.084,18,49,0.9994,3.43,0.72,11.1,6,"good",1
"5626","red",6.4,0.57,0.02,1.8,0.067,4,11,0.997,3.46,0.68,9.5,5,"bad",1
"5627","red",6.4,0.57,0.02,1.8,0.067,4,11,0.997,3.46,0.68,9.5,5,"bad",1
"5628","red",6.4,0.865,0.03,3.2,0.071,27,58,0.995,3.61,0.49,12.7,6,"good",1
"5629","red",9.5,0.55,0.66,2.3,0.387,12,37,0.9982,3.17,0.67,9.6,5,"bad",1
"5630","red",8.9,0.875,0.13,3.45,0.088,4,14,0.9994,3.44,0.52,11.5,5,"bad",1
"5631","red",7.3,0.835,0.03,2.1,0.092,10,19,0.9966,3.39,0.47,9.6,5,"bad",1
"5633","red",7.7,0.56,0.2,2,0.075,9,39,0.9987,3.48,0.62,9.3,5,"bad",1
"5634","red",7.7,0.965,0.1,2.1,0.112,11,22,0.9963,3.26,0.5,9.5,5,"bad",1
"5635","red",7.7,0.965,0.1,2.1,0.112,11,22,0.9963,3.26,0.5,9.5,5,"bad",1
"5636","red",8.2,0.59,0,2.5,0.093,19,58,1.0002,3.5,0.65,9.3,6,"good",1
"5637","red",9,0.46,0.23,2.8,0.092,28,104,0.9983,3.1,0.56,9.2,5,"bad",1
"5638","red",9,0.69,0,2.4,0.088,19,38,0.999,3.35,0.6,9.3,5,"bad",1
"5639","red",8.3,0.76,0.29,4.2,0.075,12,16,0.9965,3.45,0.68,11.5,6,"good",1
"5640","red",9.2,0.53,0.24,2.6,0.078,28,139,0.99788,3.21,0.57,9.5,5,"bad",1
"5641","red",6.5,0.615,0,1.9,0.065,9,18,0.9972,3.46,0.65,9.2,5,"bad",1
"5642","red",11.6,0.41,0.58,2.8,0.096,25,101,1.00024,3.13,0.53,10,5,"bad",1
"5643","red",11.1,0.39,0.54,2.7,0.095,21,101,1.0001,3.13,0.51,9.5,5,"bad",1
"5644","red",7.3,0.51,0.18,2.1,0.07,12,28,0.99768,3.52,0.73,9.5,6,"good",1
"5645","red",8.2,0.34,0.38,2.5,0.08,12,57,0.9978,3.3,0.47,9,6,"good",1
"5646","red",8.6,0.33,0.4,2.6,0.083,16,68,0.99782,3.3,0.48,9.4,5,"bad",1
"5647","red",7.2,0.5,0.18,2.1,0.071,12,31,0.99761,3.52,0.72,9.6,6,"good",1
"5648","red",7.3,0.51,0.18,2.1,0.07,12,28,0.99768,3.52,0.73,9.5,6,"good",1
"5650","red",8.3,0.65,0.1,2.9,0.089,17,40,0.99803,3.29,0.55,9.5,5,"bad",1
"5652","red",8.3,0.65,0.1,2.9,0.089,17,40,0.99803,3.29,0.55,9.5,5,"bad",1
"5653","red",7.8,0.48,0.68,1.7,0.415,14,32,0.99656,3.09,1.06,9.1,6,"good",1
"5654","red",7.8,0.91,0.07,1.9,0.058,22,47,0.99525,3.51,0.43,10.7,6,"good",1
"5656","red",8.1,0.87,0,2.2,0.084,10,31,0.99656,3.25,0.5,9.8,5,"bad",1
"5657","red",8.1,0.87,0,2.2,0.084,10,31,0.99656,3.25,0.5,9.8,5,"bad",1
"5658","red",8.8,0.42,0.21,2.5,0.092,33,88,0.99823,3.19,0.52,9.2,5,"bad",1
"5659","red",9,0.58,0.25,2.8,0.075,9,104,0.99779,3.23,0.57,9.7,5,"bad",1
"5660","red",9.3,0.655,0.26,2,0.096,5,35,0.99738,3.25,0.42,9.6,5,"bad",1
"5662","red",9.3,0.655,0.26,2,0.096,5,35,0.99738,3.25,0.42,9.6,5,"bad",1
"5663","red",9.1,0.68,0.11,2.8,0.093,11,44,0.99888,3.31,0.55,9.5,6,"good",1
"5664","red",9.2,0.67,0.1,3,0.091,12,48,0.99888,3.31,0.54,9.5,6,"good",1
"5665","red",8.8,0.59,0.18,2.9,0.089,12,74,0.99738,3.14,0.54,9.4,5,"bad",1
"5667","red",7.1,0.59,0.02,2.3,0.082,24,94,0.99744,3.55,0.53,9.7,6,"good",1
"5669","red",7.1,0.59,0.02,2.3,0.082,24,94,0.99744,3.55,0.53,9.7,6,"good",1
"5671","red",9.5,0.57,0.27,2.3,0.082,23,144,0.99782,3.27,0.55,9.4,5,"bad",1
"5672","red",7.9,0.4,0.29,1.8,0.157,1,44,0.9973,3.3,0.92,9.5,6,"good",1
"5673","red",7.9,0.4,0.3,1.8,0.157,2,45,0.99727,3.31,0.91,9.5,6,"good",1
"5674","red",7.2,1,0,3,0.102,7,16,0.99586,3.43,0.46,10,5,"bad",1
"5675","red",6.9,0.765,0.18,2.4,0.243,5.5,48,0.99612,3.4,0.6,10.3,6,"good",1
"5676","red",6.9,0.635,0.17,2.4,0.241,6,18,0.9961,3.4,0.59,10.3,6,"good",1
"5677","red",8.3,0.43,0.3,3.4,0.079,7,34,0.99788,3.36,0.61,10.5,5,"bad",1
"5678","red",7.1,0.52,0.03,2.6,0.076,21,92,0.99745,3.5,0.6,9.8,5,"bad",1
"5679","red",7,0.57,0,2,0.19,12,45,0.99676,3.31,0.6,9.4,6,"good",1
"5680","red",6.5,0.46,0.14,2.4,0.114,9,37,0.99732,3.66,0.65,9.8,5,"bad",1
"5681","red",9,0.82,0.05,2.4,0.081,26,96,0.99814,3.36,0.53,10,5,"bad",1
"5682","red",6.5,0.46,0.14,2.4,0.114,9,37,0.99732,3.66,0.65,9.8,5,"bad",1
"5683","red",7.1,0.59,0.01,2.5,0.077,20,85,0.99746,3.55,0.59,9.8,5,"bad",1
"5687","red",10,0.56,0.24,2.2,0.079,19,58,0.9991,3.18,0.56,10.1,6,"good",1
"5689","red",7.4,0.37,0.43,2.6,0.082,18,82,0.99708,3.33,0.68,9.7,6,"good",1
"5690","red",8.8,0.64,0.17,2.9,0.084,25,130,0.99818,3.23,0.54,9.6,5,"bad",1
"5691","red",7.1,0.61,0.02,2.5,0.081,17,87,0.99745,3.48,0.6,9.7,6,"good",1
"5692","red",7.7,0.6,0,2.6,0.055,7,13,0.99639,3.38,0.56,10.8,5,"bad",1
"5694","red",10.8,0.89,0.3,2.6,0.132,7,60,0.99786,2.99,1.18,10.2,5,"bad",1
"5695","red",8.7,0.46,0.31,2.5,0.126,24,64,0.99746,3.1,0.74,9.6,5,"bad",1
"5696","red",9.3,0.37,0.44,1.6,0.038,21,42,0.99526,3.24,0.81,10.8,7,"good",1
"5697","red",9.4,0.5,0.34,3.6,0.082,5,14,0.9987,3.29,0.52,10.7,6,"good",1
"5698","red",9.4,0.5,0.34,3.6,0.082,5,14,0.9987,3.29,0.52,10.7,6,"good",1
"5699","red",7.2,0.61,0.08,4,0.082,26,108,0.99641,3.25,0.51,9.4,5,"bad",1
"5700","red",8.6,0.55,0.09,3.3,0.068,8,17,0.99735,3.23,0.44,10,5,"bad",1
"5703","red",8.4,0.52,0.22,2.7,0.084,4,18,0.99682,3.26,0.57,9.9,6,"good",1
"5704","red",8.2,0.28,0.4,2.4,0.052,4,10,0.99356,3.33,0.7,12.8,7,"good",1
"5705","red",8.4,0.25,0.39,2,0.041,4,10,0.99386,3.27,0.71,12.5,7,"good",1
"5706","red",8.2,0.28,0.4,2.4,0.052,4,10,0.99356,3.33,0.7,12.8,7,"good",1
"5707","red",7.4,0.53,0.12,1.9,0.165,4,12,0.99702,3.26,0.86,9.2,5,"bad",1
"5708","red",7.6,0.48,0.31,2.8,0.07,4,15,0.99693,3.22,0.55,10.3,6,"good",1
"5709","red",7.3,0.49,0.1,2.6,0.068,4,14,0.99562,3.3,0.47,10.5,5,"bad",1
"5710","red",12.9,0.5,0.55,2.8,0.072,7,24,1.00012,3.09,0.68,10.9,6,"good",1
"5711","red",10.8,0.45,0.33,2.5,0.099,20,38,0.99818,3.24,0.71,10.8,5,"bad",1
"5712","red",6.9,0.39,0.24,2.1,0.102,4,7,0.99462,3.44,0.58,11.4,4,"bad",1
"5715","red",9.8,0.51,0.19,3.2,0.081,8,30,0.9984,3.23,0.58,10.5,6,"good",1
"5716","red",10.8,0.29,0.42,1.6,0.084,19,27,0.99545,3.28,0.73,11.9,6,"good",1
"5718","red",9.1,0.66,0.15,3.2,0.097,9,59,0.99976,3.28,0.54,9.6,5,"bad",1
"5719","red",7,0.685,0,1.9,0.099,9,22,0.99606,3.34,0.6,9.7,5,"bad",1
"5720","red",4.9,0.42,0,2.1,0.048,16,42,0.99154,3.71,0.74,14,7,"good",1
"5721","red",6.7,0.54,0.13,2,0.076,15,36,0.9973,3.61,0.64,9.8,5,"bad",1
"5722","red",6.7,0.54,0.13,2,0.076,15,36,0.9973,3.61,0.64,9.8,5,"bad",1
"5723","red",7.1,0.48,0.28,2.8,0.068,6,16,0.99682,3.24,0.53,10.3,5,"bad",1
"5725","red",7.5,0.27,0.34,2.3,0.05,4,8,0.9951,3.4,0.64,11,7,"good",1
"5726","red",7.1,0.46,0.14,2.8,0.076,15,37,0.99624,3.36,0.49,10.7,5,"bad",1
"5727","red",7.8,0.57,0.09,2.3,0.065,34,45,0.99417,3.46,0.74,12.7,8,"good",1
"5728","red",5.9,0.61,0.08,2.1,0.071,16,24,0.99376,3.56,0.77,11.1,6,"good",1
"5729","red",7.5,0.685,0.07,2.5,0.058,5,9,0.99632,3.38,0.55,10.9,4,"bad",1
"5730","red",5.9,0.61,0.08,2.1,0.071,16,24,0.99376,3.56,0.77,11.1,6,"good",1
"5731","red",10.4,0.44,0.42,1.5,0.145,34,48,0.99832,3.38,0.86,9.9,3,"bad",1
"5732","red",11.6,0.47,0.44,1.6,0.147,36,51,0.99836,3.38,0.86,9.9,4,"bad",1
"5733","red",8.8,0.685,0.26,1.6,0.088,16,23,0.99694,3.32,0.47,9.4,5,"bad",1
"5734","red",7.6,0.665,0.1,1.5,0.066,27,55,0.99655,3.39,0.51,9.3,5,"bad",1
"5736","red",6.7,0.28,0.28,2.4,0.012,36,100,0.99064,3.26,0.39,11.7,7,"good",1
"5737","red",10.1,0.31,0.35,1.6,0.075,9,28,0.99672,3.24,0.83,11.2,7,"good",1
"5738","red",6,0.5,0.04,2.2,0.092,13,26,0.99647,3.46,0.47,10,5,"bad",1
"5739","red",11.1,0.42,0.47,2.65,0.085,9,34,0.99736,3.24,0.77,12.1,7,"good",1
"5740","red",6.6,0.66,0,3,0.115,21,31,0.99629,3.45,0.63,10.3,5,"bad",1
"5741","red",10.6,0.5,0.45,2.6,0.119,34,68,0.99708,3.23,0.72,10.9,6,"good",1
"5742","red",7.1,0.685,0.35,2,0.088,9,92,0.9963,3.28,0.62,9.4,5,"bad",1
"5743","red",9.9,0.25,0.46,1.7,0.062,26,42,0.9959,3.18,0.83,10.6,6,"good",1
"5744","red",6.4,0.64,0.21,1.8,0.081,14,31,0.99689,3.59,0.66,9.8,5,"bad",1
"5745","red",6.4,0.64,0.21,1.8,0.081,14,31,0.99689,3.59,0.66,9.8,5,"bad",1
"5747","red",6.4,0.64,0.21,1.8,0.081,14,31,0.99689,3.59,0.66,9.8,5,"bad",1
"5749","red",9.3,0.43,0.44,1.9,0.085,9,22,0.99708,3.28,0.55,9.5,5,"bad",1
"5751","red",8,0.42,0.32,2.5,0.08,26,122,0.99801,3.22,1.07,9.7,5,"bad",1
"5752","red",9.3,0.36,0.39,1.5,0.08,41,55,0.99652,3.47,0.73,10.9,6,"good",1
"5753","red",9.3,0.36,0.39,1.5,0.08,41,55,0.99652,3.47,0.73,10.9,6,"good",1
"5754","red",7.6,0.735,0.02,2.5,0.071,10,14,0.99538,3.51,0.71,11.7,7,"good",1
"5756","red",8.2,0.26,0.34,2.5,0.073,16,47,0.99594,3.4,0.78,11.3,7,"good",1
"5757","red",11.7,0.28,0.47,1.7,0.054,17,32,0.99686,3.15,0.67,10.6,7,"good",1
"5758","red",6.8,0.56,0.22,1.8,0.074,15,24,0.99438,3.4,0.82,11.2,6,"good",1
"5759","red",7.2,0.62,0.06,2.7,0.077,15,85,0.99746,3.51,0.54,9.5,5,"bad",1
"5760","red",5.8,1.01,0.66,2,0.039,15,88,0.99357,3.66,0.6,11.5,6,"good",1
"5762","red",7.2,0.62,0.06,2.5,0.078,17,84,0.99746,3.51,0.53,9.7,5,"bad",1
"5763","red",7.2,0.62,0.06,2.7,0.077,15,85,0.99746,3.51,0.54,9.5,5,"bad",1
"5764","red",7.2,0.635,0.07,2.6,0.077,16,86,0.99748,3.51,0.54,9.7,5,"bad",1
"5765","red",6.8,0.49,0.22,2.3,0.071,13,24,0.99438,3.41,0.83,11.3,6,"good",1
"5766","red",6.9,0.51,0.23,2,0.072,13,22,0.99438,3.4,0.84,11.2,6,"good",1
"5767","red",6.8,0.56,0.22,1.8,0.074,15,24,0.99438,3.4,0.82,11.2,6,"good",1
"5768","red",7.6,0.63,0.03,2,0.08,27,43,0.99578,3.44,0.64,10.9,6,"good",1
"5769","red",7.7,0.715,0.01,2.1,0.064,31,43,0.99371,3.41,0.57,11.8,6,"good",1
"5770","red",6.9,0.56,0.03,1.5,0.086,36,46,0.99522,3.53,0.57,10.6,5,"bad",1
"5772","red",9.1,0.21,0.37,1.6,0.067,6,10,0.99552,3.23,0.58,11.1,7,"good",1
"5773","red",10.4,0.38,0.46,2.1,0.104,6,10,0.99664,3.12,0.65,11.8,7,"good",1
"5774","red",8.8,0.31,0.4,2.8,0.109,7,16,0.99614,3.31,0.79,11.8,7,"good",1
"5775","red",7.1,0.47,0,2.2,0.067,7,14,0.99517,3.4,0.58,10.9,4,"bad",1
"5776","red",7.7,0.715,0.01,2.1,0.064,31,43,0.99371,3.41,0.57,11.8,6,"good",1
"5777","red",8.8,0.61,0.19,4,0.094,30,69,0.99787,3.22,0.5,10,6,"good",1
"5780","red",7.6,0.715,0,2.1,0.068,30,35,0.99533,3.48,0.65,11.4,6,"good",1
"5783","red",8.8,0.61,0.19,4,0.094,30,69,0.99787,3.22,0.5,10,6,"good",1
"5784","red",8.9,0.75,0.14,2.5,0.086,9,30,0.99824,3.34,0.64,10.5,5,"bad",1
"5786","red",10.7,0.52,0.38,2.6,0.066,29,56,0.99577,3.15,0.79,12.1,7,"good",1
"5787","red",6.8,0.57,0,2.5,0.072,32,64,0.99491,3.43,0.56,11.2,6,"good",1
"5788","red",10.7,0.9,0.34,6.6,0.112,23,99,1.00289,3.22,0.68,9.3,5,"bad",1
"5789","red",7.2,0.34,0.24,2,0.071,30,52,0.99576,3.44,0.58,10.1,5,"bad",1
"5790","red",7.2,0.66,0.03,2.3,0.078,16,86,0.99743,3.53,0.57,9.7,5,"bad",1
"5791","red",10.1,0.45,0.23,1.9,0.082,10,18,0.99774,3.22,0.65,9.3,6,"good",1
"5792","red",7.2,0.66,0.03,2.3,0.078,16,86,0.99743,3.53,0.57,9.7,5,"bad",1
"5793","red",7.2,0.63,0.03,2.2,0.08,17,88,0.99745,3.53,0.58,9.8,6,"good",1
"5794","red",7.1,0.59,0.01,2.3,0.08,27,43,0.9955,3.42,0.58,10.7,6,"good",1
"5796","red",7.1,0.59,0.01,2.3,0.08,27,43,0.9955,3.42,0.58,10.7,6,"good",1
"5797","red",8.3,0.31,0.39,2.4,0.078,17,43,0.99444,3.31,0.77,12.5,7,"good",1
"5798","red",8.3,1.02,0.02,3.4,0.084,6,11,0.99892,3.48,0.49,11,3,"bad",1
"5799","red",8.9,0.31,0.36,2.6,0.056,10,39,0.99562,3.4,0.69,11.8,5,"bad",1
"5800","red",7.4,0.635,0.1,2.4,0.08,16,33,0.99736,3.58,0.69,10.8,7,"good",1
"5801","red",7.4,0.635,0.1,2.4,0.08,16,33,0.99736,3.58,0.69,10.8,7,"good",1
"5802","red",6.8,0.59,0.06,6,0.06,11,18,0.9962,3.41,0.59,10.8,7,"good",1
"5803","red",6.8,0.59,0.06,6,0.06,11,18,0.9962,3.41,0.59,10.8,7,"good",1
"5804","red",9.2,0.58,0.2,3,0.081,15,115,0.998,3.23,0.59,9.5,5,"bad",1
"5805","red",7.2,0.54,0.27,2.6,0.084,12,78,0.9964,3.39,0.71,11,5,"bad",1
"5806","red",6.1,0.56,0,2.2,0.079,6,9,0.9948,3.59,0.54,11.5,6,"good",1
"5808","red",7.3,0.305,0.39,1.2,0.059,7,11,0.99331,3.29,0.52,11.5,6,"good",1
"5809","red",9.3,0.38,0.48,3.8,0.132,3,11,0.99577,3.23,0.57,13.2,6,"good",1
"5810","red",9.1,0.28,0.46,9,0.114,3,9,0.99901,3.18,0.6,10.9,6,"good",1
"5811","red",10,0.46,0.44,2.9,0.065,4,8,0.99674,3.33,0.62,12.2,6,"good",1
"5812","red",9.4,0.395,0.46,4.6,0.094,3,10,0.99639,3.27,0.64,12.2,7,"good",1
"5813","red",7.3,0.305,0.39,1.2,0.059,7,11,0.99331,3.29,0.52,11.5,6,"good",1
"5814","red",8.6,0.315,0.4,2.2,0.079,3,6,0.99512,3.27,0.67,11.9,6,"good",1
"5815","red",5.3,0.715,0.19,1.5,0.161,7,62,0.99395,3.62,0.61,11,5,"bad",1
"5818","red",8.4,0.62,0.12,1.8,0.072,38,46,0.99504,3.38,0.89,11.8,6,"good",1
"5819","red",9.6,0.41,0.37,2.3,0.091,10,23,0.99786,3.24,0.56,10.5,5,"bad",1
"5820","red",8.4,0.36,0.32,2.2,0.081,32,79,0.9964,3.3,0.72,11,6,"good",1
"5821","red",8.4,0.62,0.12,1.8,0.072,38,46,0.99504,3.38,0.89,11.8,6,"good",1
"5822","red",6.8,0.41,0.31,8.8,0.084,26,45,0.99824,3.38,0.64,10.1,6,"good",1
"5823","red",8.6,0.47,0.27,2.3,0.055,14,28,0.99516,3.18,0.8,11.2,5,"bad",1
"5824","red",8.6,0.22,0.36,1.9,0.064,53,77,0.99604,3.47,0.87,11,7,"good",1
"5825","red",9.4,0.24,0.33,2.3,0.061,52,73,0.99786,3.47,0.9,10.2,6,"good",1
"5828","red",8.7,0.33,0.38,3.3,0.063,10,19,0.99468,3.3,0.73,12,7,"good",1
"5829","red",6.6,0.61,0.01,1.9,0.08,8,25,0.99746,3.69,0.73,10.5,5,"bad",1
"5830","red",7.4,0.61,0.01,2,0.074,13,38,0.99748,3.48,0.65,9.8,5,"bad",1
"5831","red",7.6,0.4,0.29,1.9,0.078,29,66,0.9971,3.45,0.59,9.5,6,"good",1
"5832","red",7.4,0.61,0.01,2,0.074,13,38,0.99748,3.48,0.65,9.8,5,"bad",1
"5833","red",6.6,0.61,0.01,1.9,0.08,8,25,0.99746,3.69,0.73,10.5,5,"bad",1
"5834","red",8.8,0.3,0.38,2.3,0.06,19,72,0.99543,3.39,0.72,11.8,6,"good",1
"5838","red",6.2,0.46,0.17,1.6,0.073,7,11,0.99425,3.61,0.54,11.4,5,"bad",1
"5839","red",9.6,0.33,0.52,2.2,0.074,13,25,0.99509,3.36,0.76,12.4,7,"good",1
"5840","red",9.9,0.27,0.49,5,0.082,9,17,0.99484,3.19,0.52,12.5,7,"good",1
"5844","red",10.2,0.44,0.42,2,0.071,7,20,0.99566,3.14,0.79,11.1,7,"good",1
"5845","red",10.2,0.44,0.58,4.1,0.092,11,24,0.99745,3.29,0.99,12,7,"good",1
"5847","red",8.9,0.12,0.45,1.8,0.075,10,21,0.99552,3.41,0.76,11.9,7,"good",1
"5848","red",8.9,0.12,0.45,1.8,0.075,10,21,0.99552,3.41,0.76,11.9,7,"good",1
"5849","red",8.9,0.12,0.45,1.8,0.075,10,21,0.99552,3.41,0.76,11.9,7,"good",1
"5851","red",8.2,0.31,0.4,2.2,0.058,6,10,0.99536,3.31,0.68,11.2,7,"good",1
"5853","red",7.6,0.43,0.4,2.7,0.082,6,11,0.99538,3.44,0.54,12.2,6,"good",1
"5854","red",8.5,0.21,0.52,1.9,0.09,9,23,0.99648,3.36,0.67,10.4,5,"bad",1
"5855","red",9,0.36,0.52,2.1,0.111,5,10,0.99568,3.31,0.62,11.3,6,"good",1
"5857","red",6.4,0.57,0.12,2.3,0.12,25,36,0.99519,3.47,0.71,11.3,7,"good",1
"5858","red",8,0.59,0.05,2,0.089,12,32,0.99735,3.36,0.61,10,5,"bad",1
"5859","red",8.5,0.47,0.27,1.9,0.058,18,38,0.99518,3.16,0.85,11.1,6,"good",1
"5862","red",8.8,0.27,0.39,2,0.1,20,27,0.99546,3.15,0.69,11.2,6,"good",1
"5863","red",8.5,0.47,0.27,1.9,0.058,18,38,0.99518,3.16,0.85,11.1,6,"good",1
"5864","red",8.3,0.34,0.4,2.4,0.065,24,48,0.99554,3.34,0.86,11,6,"good",1
"5866","red",8.5,0.66,0.2,2.1,0.097,23,113,0.99733,3.13,0.48,9.2,5,"bad",1
"5867","red",9,0.4,0.43,2.4,0.068,29,46,0.9943,3.2,0.6,12.2,6,"good",1
"5868","red",6.7,0.56,0.09,2.9,0.079,7,22,0.99669,3.46,0.61,10.2,5,"bad",1
"5870","red",10.4,0.26,0.48,1.9,0.066,6,10,0.99724,3.33,0.87,10.9,6,"good",1
"5872","red",8.5,0.34,0.44,1.7,0.079,6,12,0.99605,3.52,0.63,10.7,5,"bad",1
"5873","red",8.8,0.33,0.41,5.9,0.073,7,13,0.99658,3.3,0.62,12.1,7,"good",1
"5874","red",7.2,0.41,0.3,2.1,0.083,35,72,0.997,3.44,0.52,9.4,5,"bad",1
"5875","red",7.2,0.41,0.3,2.1,0.083,35,72,0.997,3.44,0.52,9.4,5,"bad",1
"5876","red",8.4,0.59,0.29,2.6,0.109,31,119,0.99801,3.15,0.5,9.1,5,"bad",1
"5878","red",12.2,0.45,0.49,1.4,0.075,3,6,0.9969,3.13,0.63,10.4,5,"bad",1
"5879","red",9.1,0.5,0.3,1.9,0.065,8,17,0.99774,3.32,0.71,10.5,6,"good",1
"5881","red",7.3,0.52,0.32,2.1,0.07,51,70,0.99418,3.34,0.82,12.9,6,"good",1
"5882","red",9.1,0.5,0.3,1.9,0.065,8,17,0.99774,3.32,0.71,10.5,6,"good",1
"5883","red",12.2,0.45,0.49,1.4,0.075,3,6,0.9969,3.13,0.63,10.4,5,"bad",1
"5885","red",9.8,0.34,0.39,1.4,0.066,3,7,0.9947,3.19,0.55,11.4,7,"good",1
"5887","red",7.7,0.39,0.12,1.7,0.097,19,27,0.99596,3.16,0.49,9.4,5,"bad",1
"5888","red",9.7,0.295,0.4,1.5,0.073,14,21,0.99556,3.14,0.51,10.9,6,"good",1
"5889","red",7.7,0.39,0.12,1.7,0.097,19,27,0.99596,3.16,0.49,9.4,5,"bad",1
"5891","red",6.5,0.4,0.1,2,0.076,30,47,0.99554,3.36,0.48,9.4,6,"good",1
"5892","red",7.1,0.34,0.28,2,0.082,31,68,0.99694,3.45,0.48,9.4,5,"bad",1
"5893","red",10,0.35,0.45,2.5,0.092,20,88,0.99918,3.15,0.43,9.4,5,"bad",1
"5896","red",5.6,0.66,0,2.2,0.087,3,11,0.99378,3.71,0.63,12.8,7,"good",1
"5897","red",8.9,0.84,0.34,1.4,0.05,4,10,0.99554,3.12,0.48,9.1,6,"good",1
"5899","red",7.5,0.43,0.3,2.2,0.062,6,12,0.99495,3.44,0.72,11.5,7,"good",1
"5900","red",9.9,0.35,0.38,1.5,0.058,31,47,0.99676,3.26,0.82,10.6,7,"good",1
"5901","red",9.1,0.29,0.33,2.05,0.063,13,27,0.99516,3.26,0.84,11.7,7,"good",1
"5902","red",6.8,0.36,0.32,1.8,0.067,4,8,0.9928,3.36,0.55,12.8,7,"good",1
"5904","red",6.8,0.36,0.32,1.8,0.067,4,8,0.9928,3.36,0.55,12.8,7,"good",1
"5906","red",9.1,0.3,0.34,2,0.064,12,25,0.99516,3.26,0.84,11.7,7,"good",1
"5908","red",9.6,0.5,0.36,2.8,0.116,26,55,0.99722,3.18,0.68,10.9,5,"bad",1
"5909","red",8.9,0.28,0.45,1.7,0.067,7,12,0.99354,3.25,0.55,12.3,7,"good",1
"5910","red",8.9,0.32,0.31,2,0.088,12,19,0.9957,3.17,0.55,10.4,6,"good",1
"5912","red",7.5,0.71,0,1.6,0.092,22,31,0.99635,3.38,0.58,10,6,"good",1
"5913","red",8,0.58,0.16,2,0.12,3,7,0.99454,3.22,0.58,11.2,6,"good",1
"5914","red",10.5,0.39,0.46,2.2,0.075,14,27,0.99598,3.06,0.84,11.4,6,"good",1
"5915","red",8.9,0.38,0.4,2.2,0.068,12,28,0.99486,3.27,0.75,12.6,7,"good",1
"5917","red",8,0.18,0.37,0.9,0.049,36,109,0.99007,2.89,0.44,12.7,6,"good",1
"5918","red",7,0.5,0.14,1.8,0.078,10,23,0.99636,3.53,0.61,10.4,5,"bad",1
"5919","red",11.3,0.36,0.66,2.4,0.123,3,8,0.99642,3.2,0.53,11.9,6,"good",1
"5920","red",11.3,0.36,0.66,2.4,0.123,3,8,0.99642,3.2,0.53,11.9,6,"good",1
"5921","red",7,0.51,0.09,2.1,0.062,4,9,0.99584,3.35,0.54,10.5,5,"bad",1
"5922","red",8.2,0.32,0.42,2.3,0.098,3,9,0.99506,3.27,0.55,12.3,6,"good",1
"5923","red",7.7,0.58,0.01,1.8,0.088,12,18,0.99568,3.32,0.56,10.5,7,"good",1
"5924","red",8.6,0.83,0,2.8,0.095,17,43,0.99822,3.33,0.6,10.4,6,"good",1
"5925","red",7.9,0.31,0.32,1.9,0.066,14,36,0.99364,3.41,0.56,12.6,6,"good",1
"5926","red",6.4,0.795,0,2.2,0.065,28,52,0.99378,3.49,0.52,11.6,5,"bad",1
"5927","red",7.2,0.34,0.21,2.5,0.075,41,68,0.99586,3.37,0.54,10.1,6,"good",1
"5928","red",7.7,0.58,0.01,1.8,0.088,12,18,0.99568,3.32,0.56,10.5,7,"good",1
"5929","red",7.1,0.59,0,2.1,0.091,9,14,0.99488,3.42,0.55,11.5,7,"good",1
"5930","red",7.3,0.55,0.01,1.8,0.093,9,15,0.99514,3.35,0.58,11,7,"good",1
"5931","red",8.1,0.82,0,4.1,0.095,5,14,0.99854,3.36,0.53,9.6,5,"bad",1
"5932","red",7.5,0.57,0.08,2.6,0.089,14,27,0.99592,3.3,0.59,10.4,6,"good",1
"5933","red",8.9,0.745,0.18,2.5,0.077,15,48,0.99739,3.2,0.47,9.7,6,"good",1
"5936","red",7.3,0.91,0.1,1.8,0.074,20,56,0.99672,3.35,0.56,9.2,5,"bad",1
"5937","red",8.7,0.41,0.41,6.2,0.078,25,42,0.9953,3.24,0.77,12.6,7,"good",1
"5940","red",6.9,0.49,0.19,1.7,0.079,13,26,0.99547,3.38,0.64,9.8,6,"good",1
"5941","red",8.9,0.5,0.21,2.2,0.088,21,39,0.99692,3.33,0.83,11.1,6,"good",1
"5942","red",9.5,0.39,0.41,8.9,0.069,18,39,0.99859,3.29,0.81,10.9,7,"good",1
"5943","red",6.4,0.39,0.33,3.3,0.046,12,53,0.99294,3.36,0.62,12.2,6,"good",1
"5945","red",7.6,0.78,0,1.7,0.076,33,45,0.99612,3.31,0.62,10.7,6,"good",1
"5946","red",7.1,0.43,0.17,1.8,0.082,27,51,0.99634,3.49,0.64,10.4,5,"bad",1
"5947","red",9.3,0.49,0.36,1.7,0.081,3,14,0.99702,3.27,0.78,10.9,6,"good",1
"5949","red",7.1,0.43,0.17,1.8,0.082,27,51,0.99634,3.49,0.64,10.4,5,"bad",1
"5950","red",8.5,0.46,0.59,1.4,0.414,16,45,0.99702,3.03,1.34,9.2,5,"bad",1
"5952","red",8.3,0.33,0.42,2.3,0.07,9,20,0.99426,3.38,0.77,12.7,7,"good",1
"5953","red",8.2,0.64,0.27,2,0.095,5,77,0.99747,3.13,0.62,9.1,6,"good",1
"5954","red",8.2,0.64,0.27,2,0.095,5,77,0.99747,3.13,0.62,9.1,6,"good",1
"5956","red",7.6,0.42,0.25,3.9,0.104,28,90,0.99784,3.15,0.57,9.1,5,"bad",1
"5957","red",9.9,0.53,0.57,2.4,0.093,30,52,0.9971,3.19,0.76,11.6,7,"good",1
"5958","red",8.9,0.48,0.53,4,0.101,3,10,0.99586,3.21,0.59,12.1,7,"good",1
"5959","red",11.6,0.23,0.57,1.8,0.074,3,8,0.9981,3.14,0.7,9.9,6,"good",1
"5960","red",9.1,0.4,0.5,1.8,0.071,7,16,0.99462,3.21,0.69,12.5,8,"good",1
"5961","red",8,0.38,0.44,1.9,0.098,6,15,0.9956,3.3,0.64,11.4,6,"good",1
"5962","red",10.2,0.29,0.65,2.4,0.075,6,17,0.99565,3.22,0.63,11.8,6,"good",1
"5963","red",8.2,0.74,0.09,2,0.067,5,10,0.99418,3.28,0.57,11.8,6,"good",1
"5964","red",7.7,0.61,0.18,2.4,0.083,6,20,0.9963,3.29,0.6,10.2,6,"good",1
"5966","red",11.1,0.31,0.53,2.2,0.06,3,10,0.99572,3.02,0.83,10.9,7,"good",1
"5967","red",11.1,0.31,0.53,2.2,0.06,3,10,0.99572,3.02,0.83,10.9,7,"good",1
"5969","red",9.3,0.33,0.45,1.5,0.057,19,37,0.99498,3.18,0.89,11.1,7,"good",1
"5970","red",7.5,0.77,0.2,8.1,0.098,30,92,0.99892,3.2,0.58,9.2,5,"bad",1
"5971","red",7.2,0.35,0.26,1.8,0.083,33,75,0.9968,3.4,0.58,9.5,6,"good",1
"5972","red",8,0.62,0.33,2.7,0.088,16,37,0.9972,3.31,0.58,10.7,6,"good",1
"5973","red",7.5,0.77,0.2,8.1,0.098,30,92,0.99892,3.2,0.58,9.2,5,"bad",1
"5975","red",9.9,0.32,0.56,2,0.073,3,8,0.99534,3.15,0.73,11.4,6,"good",1
"5976","red",8.6,0.37,0.65,6.4,0.08,3,8,0.99817,3.27,0.58,11,5,"bad",1
"5977","red",8.6,0.37,0.65,6.4,0.08,3,8,0.99817,3.27,0.58,11,5,"bad",1
"5978","red",7.9,0.3,0.68,8.3,0.05,37.5,278,0.99316,3.01,0.51,12.3,7,"good",1
"5979","red",10.3,0.27,0.56,1.4,0.047,3,8,0.99471,3.16,0.51,11.8,6,"good",1
"5981","red",7.2,0.38,0.3,1.8,0.073,31,70,0.99685,3.42,0.59,9.5,6,"good",1
"5982","red",8.7,0.42,0.45,2.4,0.072,32,59,0.99617,3.33,0.77,12,6,"good",1
"5985","red",8.5,0.34,0.4,4.7,0.055,3,9,0.99738,3.38,0.66,11.6,7,"good",1
"5986","red",7.9,0.19,0.42,1.6,0.057,18,30,0.994,3.29,0.69,11.2,6,"good",1
"5987","red",11.6,0.41,0.54,1.5,0.095,22,41,0.99735,3.02,0.76,9.9,7,"good",1
"5988","red",11.6,0.41,0.54,1.5,0.095,22,41,0.99735,3.02,0.76,9.9,7,"good",1
"5990","red",7.9,0.34,0.42,2,0.086,8,19,0.99546,3.35,0.6,11.4,6,"good",1
"5991","red",7,0.54,0.09,2,0.081,10,16,0.99479,3.43,0.59,11.5,6,"good",1
"5992","red",9.2,0.31,0.36,2.2,0.079,11,31,0.99615,3.33,0.86,12,7,"good",1
"5994","red",9.4,0.4,0.47,2.5,0.087,6,20,0.99772,3.15,0.5,10.5,5,"bad",1
"5995","red",6.6,0.725,0.09,5.5,0.117,9,17,0.99655,3.35,0.49,10.8,6,"good",1
"5996","red",8.6,0.52,0.38,1.5,0.096,5,18,0.99666,3.2,0.52,9.4,5,"bad",1
"5997","red",8,0.31,0.45,2.1,0.216,5,16,0.99358,3.15,0.81,12.5,7,"good",1
"5998","red",8.6,0.52,0.38,1.5,0.096,5,18,0.99666,3.2,0.52,9.4,5,"bad",1
"5999","red",8.4,0.34,0.42,2.1,0.072,23,36,0.99392,3.11,0.78,12.4,6,"good",1
"6001","red",6.1,0.48,0.09,1.7,0.078,18,30,0.99402,3.45,0.54,11.2,6,"good",1
"6002","red",7.4,0.49,0.27,2.1,0.071,14,25,0.99388,3.35,0.63,12,6,"good",1
"6003","red",8,0.48,0.34,2.2,0.073,16,25,0.9936,3.28,0.66,12.4,6,"good",1
"6004","red",6.3,0.57,0.28,2.1,0.048,13,49,0.99374,3.41,0.6,12.8,5,"bad",1
"6005","red",8.2,0.23,0.42,1.9,0.069,9,17,0.99376,3.21,0.54,12.3,6,"good",1
"6006","red",9.1,0.3,0.41,2,0.068,10,24,0.99523,3.27,0.85,11.7,7,"good",1
"6007","red",8.1,0.78,0.1,3.3,0.09,4,13,0.99855,3.36,0.49,9.5,5,"bad",1
"6008","red",10.8,0.47,0.43,2.1,0.171,27,66,0.9982,3.17,0.76,10.8,6,"good",1
"6009","red",8.3,0.53,0,1.4,0.07,6,14,0.99593,3.25,0.64,10,6,"good",1
"6010","red",5.4,0.42,0.27,2,0.092,23,55,0.99471,3.78,0.64,12.3,7,"good",1
"6011","red",7.9,0.33,0.41,1.5,0.056,6,35,0.99396,3.29,0.71,11,6,"good",1
"6012","red",8.9,0.24,0.39,1.6,0.074,3,10,0.99698,3.12,0.59,9.5,6,"good",1
"6013","red",5,0.4,0.5,4.3,0.046,29,80,0.9902,3.49,0.66,13.6,6,"good",1
"6015","red",7,0.69,0.07,2.5,0.091,15,21,0.99572,3.38,0.6,11.3,6,"good",1
"6018","red",5.6,0.66,0,2.5,0.066,7,15,0.99256,3.52,0.58,12.9,5,"bad",1
"6020","red",6.6,0.5,0,1.8,0.062,21,28,0.99352,3.44,0.55,12.3,6,"good",1
"6021","red",6.3,0.47,0,1.4,0.055,27,33,0.9922,3.45,0.48,12.3,6,"good",1
"6023","red",6.5,0.58,0,2.2,0.096,3,13,0.99557,3.62,0.62,11.5,4,"bad",1
"6024","red",8.8,0.24,0.35,1.7,0.055,13,27,0.99394,3.14,0.59,11.3,7,"good",1
"6027","red",10,0.43,0.33,2.7,0.095,28,89,0.9984,3.22,0.68,10,5,"bad",1
"6028","red",10.5,0.43,0.35,3.3,0.092,24,70,0.99798,3.21,0.69,10.5,6,"good",1
"6029","red",9.1,0.6,0,1.9,0.058,5,10,0.9977,3.18,0.63,10.4,6,"good",1
"6030","red",5.9,0.19,0.21,1.7,0.045,57,135,0.99341,3.32,0.44,9.5,5,"bad",1
"6031","red",7.4,0.36,0.34,1.8,0.075,18,38,0.9933,3.38,0.88,13.6,7,"good",1
"6032","red",7.2,0.48,0.07,5.5,0.089,10,18,0.99684,3.37,0.68,11.2,7,"good",1
"6033","red",8.5,0.28,0.35,1.7,0.061,6,15,0.99524,3.3,0.74,11.8,7,"good",1
"6034","red",8,0.25,0.43,1.7,0.067,22,50,0.9946,3.38,0.6,11.9,6,"good",1
"6035","red",10.4,0.52,0.45,2,0.08,6,13,0.99774,3.22,0.76,11.4,6,"good",1
"6037","red",7.5,0.41,0.15,3.7,0.104,29,94,0.99786,3.14,0.58,9.1,5,"bad",1
"6038","red",8.2,0.51,0.24,2,0.079,16,86,0.99764,3.34,0.64,9.5,6,"good",1
"6039","red",7.3,0.4,0.3,1.7,0.08,33,79,0.9969,3.41,0.65,9.5,6,"good",1
"6040","red",8.2,0.38,0.32,2.5,0.08,24,71,0.99624,3.27,0.85,11,6,"good",1
"6041","red",6.9,0.45,0.11,2.4,0.043,6,12,0.99354,3.3,0.65,11.4,6,"good",1
"6043","red",7.3,0.32,0.23,2.3,0.066,35,70,0.99588,3.43,0.62,10.1,5,"bad",1
"6044","red",8.2,0.2,0.43,2.5,0.076,31,51,0.99672,3.53,0.81,10.4,6,"good",1
"6045","red",7.8,0.5,0.12,1.8,0.178,6,21,0.996,3.28,0.87,9.8,6,"good",1
"6046","red",10,0.41,0.45,6.2,0.071,6,14,0.99702,3.21,0.49,11.8,7,"good",1
"6050","red",6.1,0.58,0.23,2.5,0.044,16,70,0.99352,3.46,0.65,12.5,6,"good",1
"6051","red",8.3,0.6,0.25,2.2,0.118,9,38,0.99616,3.15,0.53,9.8,5,"bad",1
"6052","red",9.6,0.42,0.35,2.1,0.083,17,38,0.99622,3.23,0.66,11.1,6,"good",1
"6053","red",6.6,0.58,0,2.2,0.1,50,63,0.99544,3.59,0.68,11.4,6,"good",1
"6054","red",8.3,0.6,0.25,2.2,0.118,9,38,0.99616,3.15,0.53,9.8,5,"bad",1
"6055","red",8.5,0.18,0.51,1.75,0.071,45,88,0.99524,3.33,0.76,11.8,7,"good",1
"6056","red",5.1,0.51,0.18,2.1,0.042,16,101,0.9924,3.46,0.87,12.9,7,"good",1
"6057","red",6.7,0.41,0.43,2.8,0.076,22,54,0.99572,3.42,1.16,10.6,6,"good",1
"6059","red",10.6,0.36,0.57,2.3,0.087,6,20,0.99676,3.14,0.72,11.1,7,"good",1
"6060","red",8.8,0.45,0.43,1.4,0.076,12,21,0.99551,3.21,0.75,10.2,6,"good",1
"6061","red",8.5,0.32,0.42,2.3,0.075,12,19,0.99434,3.14,0.71,11.8,7,"good",1
"6062","red",9,0.785,0.24,1.7,0.078,10,21,0.99692,3.29,0.67,10,5,"bad",1
"6063","red",9,0.785,0.24,1.7,0.078,10,21,0.99692,3.29,0.67,10,5,"bad",1
"6065","red",9.9,0.54,0.26,2,0.111,7,60,0.99709,2.94,0.98,10.2,5,"bad",1
"6066","red",8.2,0.33,0.39,2.5,0.074,29,48,0.99528,3.32,0.88,12.4,7,"good",1
"6067","red",6.5,0.34,0.27,2.8,0.067,8,44,0.99384,3.21,0.56,12,6,"good",1
"6068","red",7.6,0.5,0.29,2.3,0.086,5,14,0.99502,3.32,0.62,11.5,6,"good",1
"6069","red",9.2,0.36,0.34,1.6,0.062,5,12,0.99667,3.2,0.67,10.5,6,"good",1
"6070","red",7.1,0.59,0,2.2,0.078,26,44,0.99522,3.42,0.68,10.8,6,"good",1
"6071","red",9.7,0.42,0.46,2.1,0.074,5,16,0.99649,3.27,0.74,12.3,6,"good",1
"6073","red",7.6,0.36,0.31,1.7,0.079,26,65,0.99716,3.46,0.62,9.5,6,"good",1
"6074","red",6.5,0.61,0,2.2,0.095,48,59,0.99541,3.61,0.7,11.5,6,"good",1
"6075","red",6.5,0.88,0.03,5.6,0.079,23,47,0.99572,3.58,0.5,11.2,4,"bad",1
"6076","red",7.1,0.66,0,2.4,0.052,6,11,0.99318,3.35,0.66,12.7,7,"good",1
"6077","red",5.6,0.915,0,2.1,0.041,17,78,0.99346,3.68,0.73,11.4,5,"bad",1
"6078","red",8.2,0.35,0.33,2.4,0.076,11,47,0.99599,3.27,0.81,11,6,"good",1
"6079","red",8.2,0.35,0.33,2.4,0.076,11,47,0.99599,3.27,0.81,11,6,"good",1
"6080","red",9.8,0.39,0.43,1.65,0.068,5,11,0.99478,3.19,0.46,11.4,5,"bad",1
"6081","red",10.2,0.4,0.4,2.5,0.068,41,54,0.99754,3.38,0.86,10.5,6,"good",1
"6082","red",6.8,0.66,0.07,1.6,0.07,16,61,0.99572,3.29,0.6,9.3,5,"bad",1
"6084","red",7,0.43,0.3,2,0.085,6,39,0.99346,3.33,0.46,11.9,6,"good",1
"6085","red",6.6,0.8,0.03,7.8,0.079,6,12,0.9963,3.52,0.5,12.2,5,"bad",1
"6087","red",6.7,0.64,0.23,2.1,0.08,11,119,0.99538,3.36,0.7,10.9,5,"bad",1
"6089","red",9.1,0.4,0.57,4.6,0.08,6,20,0.99652,3.28,0.57,12.5,6,"good",1
"6090","red",6.5,0.885,0,2.3,0.166,6,12,0.99551,3.56,0.51,10.8,5,"bad",1
"6092","red",6.4,0.885,0,2.3,0.166,6,12,0.99551,3.56,0.51,10.8,5,"bad",1
"6093","red",7,0.745,0.12,1.8,0.114,15,64,0.99588,3.22,0.59,9.5,6,"good",1
"6094","red",6.2,0.43,0.22,1.8,0.078,21,56,0.99633,3.52,0.6,9.5,6,"good",1
"6095","red",7.9,0.58,0.23,2.3,0.076,23,94,0.99686,3.21,0.58,9.5,6,"good",1
"6096","red",7.7,0.57,0.21,1.5,0.069,4,9,0.99458,3.16,0.54,9.8,6,"good",1
"6097","red",7.7,0.26,0.26,2,0.052,19,77,0.9951,3.15,0.79,10.9,6,"good",1
"6098","red",7.9,0.58,0.23,2.3,0.076,23,94,0.99686,3.21,0.58,9.5,6,"good",1
"6099","red",7.7,0.57,0.21,1.5,0.069,4,9,0.99458,3.16,0.54,9.8,6,"good",1
"6100","red",7.9,0.34,0.36,1.9,0.065,5,10,0.99419,3.27,0.54,11.2,7,"good",1
"6101","red",8.6,0.42,0.39,1.8,0.068,6,12,0.99516,3.35,0.69,11.7,8,"good",1
"6102","red",9.9,0.74,0.19,5.8,0.111,33,76,0.99878,3.14,0.55,9.4,5,"bad",1
"6103","red",7.2,0.36,0.46,2.1,0.074,24,44,0.99534,3.4,0.85,11,7,"good",1
"6106","red",9.9,0.72,0.55,1.7,0.136,24,52,0.99752,3.35,0.94,10,5,"bad",1
"6107","red",7.2,0.36,0.46,2.1,0.074,24,44,0.99534,3.4,0.85,11,7,"good",1
"6108","red",6.2,0.39,0.43,2,0.071,14,24,0.99428,3.45,0.87,11.2,7,"good",1
"6109","red",6.8,0.65,0.02,2.1,0.078,8,15,0.99498,3.35,0.62,10.4,6,"good",1
"6110","red",6.6,0.44,0.15,2.1,0.076,22,53,0.9957,3.32,0.62,9.3,5,"bad",1
"6111","red",6.8,0.65,0.02,2.1,0.078,8,15,0.99498,3.35,0.62,10.4,6,"good",1
"6112","red",9.6,0.38,0.42,1.9,0.071,5,13,0.99659,3.15,0.75,10.5,6,"good",1
"6115","red",7.9,0.57,0.31,2,0.079,10,79,0.99677,3.29,0.69,9.5,6,"good",1
"6116","red",8.2,0.34,0.37,1.9,0.057,43,74,0.99408,3.23,0.81,12,6,"good",1
"6117","red",8.2,0.4,0.31,1.9,0.082,8,24,0.996,3.24,0.69,10.6,6,"good",1
"6118","red",9,0.39,0.4,1.3,0.044,25,50,0.99478,3.2,0.83,10.9,6,"good",1
"6119","red",10.9,0.32,0.52,1.8,0.132,17,44,0.99734,3.28,0.77,11.5,6,"good",1
"6121","red",8.1,0.53,0.22,2.2,0.078,33,89,0.99678,3.26,0.46,9.6,6,"good",1
"6122","red",10.5,0.36,0.47,2.2,0.074,9,23,0.99638,3.23,0.76,12,6,"good",1
"6124","red",9.2,0.46,0.23,2.6,0.091,18,77,0.99922,3.15,0.51,9.4,5,"bad",1
"6125","red",7.5,0.58,0.03,4.1,0.08,27,46,0.99592,3.02,0.47,9.2,5,"bad",1
"6126","red",9,0.58,0.25,2,0.104,8,21,0.99769,3.27,0.72,9.6,5,"bad",1
"6127","red",5.1,0.42,0,1.8,0.044,18,88,0.99157,3.68,0.73,13.6,7,"good",1
"6129","red",7.7,0.18,0.34,2.7,0.066,15,58,0.9947,3.37,0.78,11.8,6,"good",1
"6130","red",7.8,0.815,0.01,2.6,0.074,48,90,0.99621,3.38,0.62,10.8,5,"bad",1
"6131","red",7.6,0.43,0.29,2.1,0.075,19,66,0.99718,3.4,0.64,9.5,5,"bad",1
"6132","red",10.2,0.23,0.37,2.2,0.057,14,36,0.99614,3.23,0.49,9.3,4,"bad",1
"6133","red",7.1,0.75,0.01,2.2,0.059,11,18,0.99242,3.39,0.4,12.8,6,"good",1
"6134","red",6,0.33,0.32,12.9,0.054,6,113,0.99572,3.3,0.56,11.5,4,"bad",1
"6135","red",7.8,0.55,0,1.7,0.07,7,17,0.99659,3.26,0.64,9.4,6,"good",1
"6136","red",7.1,0.75,0.01,2.2,0.059,11,18,0.99242,3.39,0.4,12.8,6,"good",1
"6138","red",6.5,0.67,0,4.3,0.057,11,20,0.99488,3.45,0.56,11.8,4,"bad",1
"6139","red",7.5,0.61,0.2,1.7,0.076,36,60,0.99494,3.1,0.4,9.3,5,"bad",1
"6140","red",9.8,0.37,0.39,2.5,0.079,28,65,0.99729,3.16,0.59,9.8,5,"bad",1
"6142","red",8.3,0.56,0.22,2.4,0.082,10,86,0.9983,3.37,0.62,9.5,5,"bad",1
"6145","red",7.4,0.74,0.07,1.7,0.086,15,48,0.99502,3.12,0.48,10,5,"bad",1
"6147","red",6.9,0.41,0.33,2.2,0.081,22,36,0.9949,3.41,0.75,11.1,6,"good",1
"6149","red",7.1,0.6,0.01,2.3,0.079,24,37,0.99514,3.4,0.61,10.9,6,"good",1
"6151","red",7.1,0.72,0,1.8,0.123,6,14,0.99627,3.45,0.58,9.8,5,"bad",1
"6153","red",7.8,0.7,0.06,1.9,0.079,20,35,0.99628,3.4,0.69,10.9,5,"bad",1
"6154","red",6.1,0.64,0.02,2.4,0.069,26,46,0.99358,3.47,0.45,11,5,"bad",1
"6155","red",7.5,0.59,0.22,1.8,0.082,43,60,0.99499,3.1,0.42,9.2,5,"bad",1
"6156","red",7,0.58,0.28,4.8,0.085,12,69,0.99633,3.32,0.7,11,6,"good",1
"6157","red",6.8,0.64,0,2.7,0.123,15,33,0.99538,3.44,0.63,11.3,6,"good",1
"6158","red",6.8,0.64,0,2.7,0.123,15,33,0.99538,3.44,0.63,11.3,6,"good",1
"6159","red",8.6,0.635,0.68,1.8,0.403,19,56,0.99632,3.02,1.15,9.3,5,"bad",1
"6161","red",9.8,0.45,0.38,2.5,0.081,34,66,0.99726,3.15,0.58,9.8,5,"bad",1
"6162","red",8.2,0.78,0,2.2,0.089,13,26,0.9978,3.37,0.46,9.6,4,"bad",1
"6163","red",8.5,0.37,0.32,1.8,0.066,26,51,0.99456,3.38,0.72,11.8,6,"good",1
"6165","red",7.2,0.57,0.05,2.3,0.081,16,36,0.99564,3.38,0.6,10.3,6,"good",1
"6167","red",6.9,0.41,0.31,2,0.079,21,51,0.99668,3.47,0.55,9.5,6,"good",1
"6168","red",5.5,0.49,0.03,1.8,0.044,28,87,0.9908,3.5,0.82,14,8,"good",1
"6170","red",7.3,0.44,0.2,1.6,0.049,24,64,0.9935,3.38,0.57,11.7,6,"good",1
"6172","red",7.5,0.58,0.2,2,0.073,34,44,0.99494,3.1,0.43,9.3,5,"bad",1
"6173","red",7.8,0.58,0.13,2.1,0.102,17,36,0.9944,3.24,0.53,11.2,6,"good",1
"6174","red",8,0.715,0.22,2.3,0.075,13,81,0.99688,3.24,0.54,9.5,6,"good",1
"6176","red",7,0.69,0,1.9,0.114,3,10,0.99636,3.35,0.6,9.7,6,"good",1
"6178","red",9.8,0.3,0.39,1.7,0.062,3,9,0.9948,3.14,0.57,11.5,7,"good",1
"6179","red",7.1,0.46,0.2,1.9,0.077,28,54,0.9956,3.37,0.64,10.4,6,"good",1
"6180","red",7.1,0.46,0.2,1.9,0.077,28,54,0.9956,3.37,0.64,10.4,6,"good",1
"6181","red",7.9,0.765,0,2,0.084,9,22,0.99619,3.33,0.68,10.9,6,"good",1
"6183","red",7,0.42,0.19,2.3,0.071,18,36,0.99476,3.39,0.56,10.9,5,"bad",1
"6184","red",11.3,0.37,0.5,1.8,0.09,20,47,0.99734,3.15,0.57,10.5,5,"bad",1
"6186","red",8,0.6,0.08,2.6,0.056,3,7,0.99286,3.22,0.37,13,5,"bad",1
"6187","red",7,0.6,0.3,4.5,0.068,20,110,0.99914,3.3,1.17,10.2,5,"bad",1
"6188","red",7,0.6,0.3,4.5,0.068,20,110,0.99914,3.3,1.17,10.2,5,"bad",1
"6189","red",7.6,0.74,0,1.9,0.1,6,12,0.99521,3.36,0.59,11,5,"bad",1
"6191","red",5.9,0.395,0.13,2.4,0.056,14,28,0.99362,3.62,0.67,12.4,6,"good",1
"6192","red",7.5,0.755,0,1.9,0.084,6,12,0.99672,3.34,0.49,9.7,4,"bad",1
"6193","red",8.2,0.635,0.1,2.1,0.073,25,60,0.99638,3.29,0.75,10.9,6,"good",1
"6194","red",6.6,0.63,0,4.3,0.093,51,77.5,0.99558,3.2,0.45,9.5,5,"bad",1
"6195","red",6.6,0.63,0,4.3,0.093,51,77.5,0.99558,3.2,0.45,9.5,5,"bad",1
"6196","red",7.2,0.53,0.14,2.1,0.064,15,29,0.99323,3.35,0.61,12.1,6,"good",1
"6197","red",5.7,0.6,0,1.4,0.063,11,18,0.99191,3.45,0.56,12.2,6,"good",1
"6198","red",7.6,1.58,0,2.1,0.137,5,9,0.99476,3.5,0.4,10.9,3,"bad",1
"6201","red",9.1,0.37,0.32,2.1,0.064,4,15,0.99576,3.3,0.8,11.2,6,"good",1
"6202","red",8,0.28,0.44,1.8,0.081,28,68,0.99501,3.36,0.66,11.2,5,"bad",1
"6203","red",7.6,0.79,0.21,2.3,0.087,21,68,0.9955,3.12,0.44,9.2,5,"bad",1
"6204","red",7.5,0.61,0.26,1.9,0.073,24,88,0.99612,3.3,0.53,9.8,5,"bad",1
"6205","red",9.7,0.69,0.32,2.5,0.088,22,91,0.9979,3.29,0.62,10.1,5,"bad",1
"6206","red",6.8,0.68,0.09,3.9,0.068,15,29,0.99524,3.41,0.52,11.1,4,"bad",1
"6207","red",9.7,0.69,0.32,2.5,0.088,22,91,0.9979,3.29,0.62,10.1,5,"bad",1
"6209","red",7.5,0.61,0.26,1.9,0.073,24,88,0.99612,3.3,0.53,9.8,5,"bad",1
"6210","red",6.5,0.51,0.15,3,0.064,12,27,0.9929,3.33,0.59,12.8,6,"good",1
"6211","red",8,1.18,0.21,1.9,0.083,14,41,0.99532,3.34,0.47,10.5,5,"bad",1
"6213","red",7,0.36,0.21,2.4,0.086,24,69,0.99556,3.4,0.53,10.1,6,"good",1
"6215","red",5.4,0.74,0,1.2,0.041,16,46,0.99258,4.01,0.59,12.5,6,"good",1
"6217","red",7.5,0.63,0.27,2,0.083,17,91,0.99616,3.26,0.58,9.8,6,"good",1
"6219","red",9.7,0.66,0.34,2.6,0.094,12,88,0.99796,3.26,0.66,10.1,5,"bad",1
"6220","red",5,0.74,0,1.2,0.041,16,46,0.99258,4.01,0.59,12.5,6,"good",1
"6221","red",9.1,0.34,0.42,1.8,0.058,9,18,0.99392,3.18,0.55,11.4,5,"bad",1
"6222","red",9.1,0.36,0.39,1.8,0.06,21,55,0.99495,3.18,0.82,11,7,"good",1
"6223","red",6.7,0.46,0.24,1.7,0.077,18,34,0.9948,3.39,0.6,10.6,6,"good",1
"6224","red",6.7,0.46,0.24,1.7,0.077,18,34,0.9948,3.39,0.6,10.6,6,"good",1
"6225","red",6.7,0.46,0.24,1.7,0.077,18,34,0.9948,3.39,0.6,10.6,6,"good",1
"6226","red",6.7,0.46,0.24,1.7,0.077,18,34,0.9948,3.39,0.6,10.6,6,"good",1
"6227","red",6.5,0.52,0.11,1.8,0.073,13,38,0.9955,3.34,0.52,9.3,5,"bad",1
"6228","red",7.4,0.6,0.26,2.1,0.083,17,91,0.99616,3.29,0.56,9.8,6,"good",1
"6230","red",7.8,0.87,0.26,3.8,0.107,31,67,0.99668,3.26,0.46,9.2,5,"bad",1
"6231","red",8.4,0.39,0.1,1.7,0.075,6,25,0.99581,3.09,0.43,9.7,6,"good",1
"6232","red",9.1,0.775,0.22,2.2,0.079,12,48,0.9976,3.18,0.51,9.6,5,"bad",1
"6233","red",7.2,0.835,0,2,0.166,4,11,0.99608,3.39,0.52,10,5,"bad",1
"6234","red",6.6,0.58,0.02,2.4,0.069,19,40,0.99387,3.38,0.66,12.6,6,"good",1
"6235","red",6,0.5,0,1.4,0.057,15,26,0.99448,3.36,0.45,9.5,5,"bad",1
"6236","red",6,0.5,0,1.4,0.057,15,26,0.99448,3.36,0.45,9.5,5,"bad",1
"6237","red",6,0.5,0,1.4,0.057,15,26,0.99448,3.36,0.45,9.5,5,"bad",1
"6238","red",7.5,0.51,0.02,1.7,0.084,13,31,0.99538,3.36,0.54,10.5,6,"good",1
"6240","red",7.5,0.51,0.02,1.7,0.084,13,31,0.99538,3.36,0.54,10.5,6,"good",1
"6242","red",7.5,0.51,0.02,1.7,0.084,13,31,0.99538,3.36,0.54,10.5,6,"good",1
"6243","red",11.5,0.42,0.48,2.6,0.077,8,20,0.99852,3.09,0.53,11,5,"bad",1
"6244","red",8.2,0.44,0.24,2.3,0.063,10,28,0.99613,3.25,0.53,10.2,6,"good",1
"6245","red",6.1,0.59,0.01,2.1,0.056,5,13,0.99472,3.52,0.56,11.4,5,"bad",1
"6246","red",7.2,0.655,0.03,1.8,0.078,7,12,0.99587,3.34,0.39,9.5,5,"bad",1
"6248","red",6.9,0.57,0,2.8,0.081,21,41,0.99518,3.41,0.52,10.8,5,"bad",1
"6249","red",9,0.6,0.29,2,0.069,32,73,0.99654,3.34,0.57,10,5,"bad",1
"6250","red",7.2,0.62,0.01,2.3,0.065,8,46,0.99332,3.32,0.51,11.8,6,"good",1
"6251","red",7.6,0.645,0.03,1.9,0.086,14,57,0.9969,3.37,0.46,10.3,5,"bad",1
"6252","red",7.6,0.645,0.03,1.9,0.086,14,57,0.9969,3.37,0.46,10.3,5,"bad",1
"6254","red",6.1,0.32,0.25,1.8,0.086,5,32,0.99464,3.36,0.44,10.1,5,"bad",1
"6255","red",6.1,0.34,0.25,1.8,0.084,4,28,0.99464,3.36,0.44,10.1,5,"bad",1
"6256","red",7.3,0.43,0.24,2.5,0.078,27,67,0.99648,3.6,0.59,11.1,6,"good",1
"6257","red",7.4,0.64,0.17,5.4,0.168,52,98,0.99736,3.28,0.5,9.5,5,"bad",1
"6258","red",11.6,0.475,0.4,1.4,0.091,6,28,0.99704,3.07,0.65,10.03333333,6,"good",1
"6260","red",8.3,0.85,0.14,2.5,0.093,13,54,0.99724,3.36,0.54,10.1,5,"bad",1
"6261","red",11.6,0.475,0.4,1.4,0.091,6,28,0.99704,3.07,0.65,10.03333333,6,"good",1
"6262","red",8,0.83,0.27,2,0.08,11,63,0.99652,3.29,0.48,9.8,4,"bad",1
"6263","red",7.2,0.605,0.02,1.9,0.096,10,31,0.995,3.46,0.53,11.8,6,"good",1
"6264","red",7.8,0.5,0.09,2.2,0.115,10,42,0.9971,3.18,0.62,9.5,5,"bad",1
"6266","red",6.9,0.54,0.3,2.2,0.088,9,105,0.99725,3.25,1.18,10.5,6,"good",1
"6267","red",8,0.77,0.32,2.1,0.079,16,74,0.99656,3.27,0.5,9.8,6,"good",1
"6268","red",6.6,0.61,0,1.6,0.069,4,8,0.99396,3.33,0.37,10.4,4,"bad",1
"6269","red",8.7,0.78,0.51,1.7,0.415,12,66,0.99623,3,1.17,9.2,5,"bad",1
"6270","red",7.5,0.58,0.56,3.1,0.153,5,14,0.99476,3.21,1.03,11.6,6,"good",1
"6271","red",8.7,0.78,0.51,1.7,0.415,12,66,0.99623,3,1.17,9.2,5,"bad",1
"6273","red",6.8,0.815,0,1.2,0.267,16,29,0.99471,3.32,0.51,9.8,3,"bad",1
"6274","red",7.2,0.56,0.26,2,0.083,13,100,0.99586,3.26,0.52,9.9,5,"bad",1
"6275","red",8.2,0.885,0.2,1.4,0.086,7,31,0.9946,3.11,0.46,10,5,"bad",1
"6276","red",5.2,0.49,0.26,2.3,0.09,23,74,0.9953,3.71,0.62,12.2,6,"good",1
"6277","red",7.2,0.45,0.15,2,0.078,10,28,0.99609,3.29,0.51,9.9,6,"good",1
"6278","red",7.5,0.57,0.02,2.6,0.077,11,35,0.99557,3.36,0.62,10.8,6,"good",1
"6279","red",7.5,0.57,0.02,2.6,0.077,11,35,0.99557,3.36,0.62,10.8,6,"good",1
"6280","red",6.8,0.83,0.09,1.8,0.074,4,25,0.99534,3.38,0.45,9.6,5,"bad",1
"6281","red",8,0.6,0.22,2.1,0.08,25,105,0.99613,3.3,0.49,9.9,5,"bad",1
"6283","red",7.1,0.755,0.15,1.8,0.107,20,84,0.99593,3.19,0.5,9.5,5,"bad",1
"6284","red",8,0.81,0.25,3.4,0.076,34,85,0.99668,3.19,0.42,9.2,5,"bad",1
"6285","red",7.4,0.64,0.07,1.8,0.1,8,23,0.9961,3.3,0.58,9.6,5,"bad",1
"6286","red",7.4,0.64,0.07,1.8,0.1,8,23,0.9961,3.3,0.58,9.6,5,"bad",1
"6287","red",6.6,0.64,0.31,6.1,0.083,7,49,0.99718,3.35,0.68,10.3,5,"bad",1
"6289","red",6,0.49,0,2.3,0.068,15,33,0.99292,3.58,0.59,12.5,6,"good",1
"6290","red",8,0.64,0.22,2.4,0.094,5,33,0.99612,3.37,0.58,11,5,"bad",1
"6293","red",6.4,0.57,0.14,3.9,0.07,27,73,0.99669,3.32,0.48,9.2,5,"bad",1
"6295","red",8.7,0.675,0.1,1.6,0.09,4,11,0.99745,3.31,0.65,9.55,5,"bad",1
"6296","red",7.3,0.59,0.26,2,0.08,17,104,0.99584,3.28,0.52,9.9,5,"bad",1
"6297","red",7,0.6,0.12,2.2,0.083,13,28,0.9966,3.52,0.62,10.2,7,"good",1
"6298","red",7.2,0.67,0,2.2,0.068,10,24,0.9956,3.42,0.72,11.1,6,"good",1
"6301","red",7.6,0.3,0.42,2,0.052,6,24,0.9963,3.44,0.82,11.9,6,"good",1
"6302","red",7.2,0.33,0.33,1.7,0.061,3,13,0.996,3.23,1.1,10,8,"good",1
"6303","red",8,0.5,0.39,2.6,0.082,12,46,0.9985,3.43,0.62,10.7,6,"good",1
"6304","red",7.7,0.28,0.3,2,0.062,18,34,0.9952,3.28,0.9,11.3,7,"good",1
"6305","red",8.2,0.24,0.34,5.1,0.062,8,22,0.9974,3.22,0.94,10.9,6,"good",1
"6306","red",6,0.51,0,2.1,0.064,40,54,0.995,3.54,0.93,10.7,6,"good",1
"6308","red",6,0.51,0,2.1,0.064,40,54,0.995,3.54,0.93,10.7,6,"good",1
"6310","red",6.4,0.47,0.4,2.4,0.071,8,19,0.9963,3.56,0.73,10.6,6,"good",1
"6311","red",8.2,0.24,0.34,5.1,0.062,8,22,0.9974,3.22,0.94,10.9,6,"good",1
"6312","red",9.9,0.57,0.25,2,0.104,12,89,0.9963,3.04,0.9,10.1,5,"bad",1
"6313","red",10,0.32,0.59,2.2,0.077,3,15,0.9994,3.2,0.78,9.6,5,"bad",1
"6314","red",6.2,0.58,0,1.6,0.065,8,18,0.9966,3.56,0.84,9.4,5,"bad",1
"6315","red",10,0.32,0.59,2.2,0.077,3,15,0.9994,3.2,0.78,9.6,5,"bad",1
"6317","red",7.8,0.53,0.01,1.6,0.077,3,19,0.995,3.16,0.46,9.8,5,"bad",1
"6318","red",7.7,0.64,0.21,2.2,0.077,32,133,0.9956,3.27,0.45,9.9,5,"bad",1
"6319","red",7.8,0.53,0.01,1.6,0.077,3,19,0.995,3.16,0.46,9.8,5,"bad",1
"6320","red",7.5,0.4,0.18,1.6,0.079,24,58,0.9965,3.34,0.58,9.4,5,"bad",1
"6323","red",8.3,0.26,0.37,1.4,0.076,8,23,0.9974,3.26,0.7,9.6,6,"good",1
"6325","red",7.7,0.23,0.37,1.8,0.046,23,60,0.9971,3.41,0.71,12.1,6,"good",1
"6326","red",7.6,0.41,0.33,2.5,0.078,6,23,0.9957,3.3,0.58,11.2,5,"bad",1
"6327","red",7.8,0.64,0,1.9,0.072,27,55,0.9962,3.31,0.63,11,5,"bad",1
"6328","red",7.9,0.18,0.4,2.2,0.049,38,67,0.996,3.33,0.93,11.3,5,"bad",1
"6329","red",7.4,0.41,0.24,1.8,0.066,18,47,0.9956,3.37,0.62,10.4,5,"bad",1
"6330","red",7.6,0.43,0.31,2.1,0.069,13,74,0.9958,3.26,0.54,9.9,6,"good",1
"6331","red",5.9,0.44,0,1.6,0.042,3,11,0.9944,3.48,0.85,11.7,6,"good",1
"6332","red",6.1,0.4,0.16,1.8,0.069,11,25,0.9955,3.42,0.74,10.1,7,"good",1
"6333","red",10.2,0.54,0.37,15.4,0.214,55,95,1.00369,3.18,0.77,9,6,"good",1
"6334","red",10.2,0.54,0.37,15.4,0.214,55,95,1.00369,3.18,0.77,9,6,"good",1
"6335","red",10,0.38,0.38,1.6,0.169,27,90,0.99914,3.15,0.65,8.5,5,"bad",1
"6336","red",6.8,0.915,0.29,4.8,0.07,15,39,0.99577,3.53,0.54,11.1,5,"bad",1
"6337","red",7,0.59,0,1.7,0.052,3,8,0.996,3.41,0.47,10.3,5,"bad",1
"6339","red",7.2,0.37,0.32,2,0.062,15,28,0.9947,3.23,0.73,11.3,7,"good",1
"6340","red",7.4,0.785,0.19,5.2,0.094,19,98,0.99713,3.16,0.52,9.566666667,6,"good",1
"6342","red",6.9,0.58,0.2,1.75,0.058,8,22,0.99322,3.38,0.49,11.7,5,"bad",1
"6343","red",7.3,0.67,0.02,2.2,0.072,31,92,0.99566,3.32,0.68,11.1,6,"good",1
"6344","red",7.4,0.785,0.19,5.2,0.094,19,98,0.99713,3.16,0.52,9.6,6,"good",1
"6345","red",6.9,0.63,0.02,1.9,0.078,18,30,0.99712,3.4,0.75,9.8,5,"bad",1
"6346","red",6.8,0.67,0,1.9,0.08,22,39,0.99701,3.4,0.74,9.7,5,"bad",1
"6347","red",6.9,0.58,0.01,1.9,0.08,40,54,0.99683,3.4,0.73,9.7,5,"bad",1
"6348","red",7.2,0.38,0.31,2,0.056,15,29,0.99472,3.23,0.76,11.3,8,"good",1
"6349","red",7.2,0.37,0.32,2,0.062,15,28,0.9947,3.23,0.73,11.3,7,"good",1
"6350","red",7.8,0.32,0.44,2.7,0.104,8,17,0.99732,3.33,0.78,11,7,"good",1
"6352","red",7.6,0.49,0.33,1.9,0.074,27,85,0.99706,3.41,0.58,9,5,"bad",1
"6353","red",11.7,0.45,0.63,2.2,0.073,7,23,0.99974,3.21,0.69,10.9,6,"good",1
"6354","red",6.5,0.9,0,1.6,0.052,9,17,0.99467,3.5,0.63,10.9,6,"good",1
"6356","red",7.6,0.49,0.33,1.9,0.074,27,85,0.99706,3.41,0.58,9,5,"bad",1
"6359","red",6.4,0.42,0.09,2.3,0.054,34,64,0.99724,3.41,0.68,10.4,6,"good",1
"6360","red",6.2,0.785,0,2.1,0.06,6,13,0.99664,3.59,0.61,10,4,"bad",1
"6361","red",6.8,0.64,0.03,2.3,0.075,14,31,0.99545,3.36,0.58,10.4,6,"good",1
"6362","red",6.9,0.63,0.01,2.4,0.076,14,39,0.99522,3.34,0.53,10.8,6,"good",1
"6363","red",6.8,0.59,0.1,1.7,0.063,34,53,0.9958,3.41,0.67,9.7,5,"bad",1
"6364","red",6.8,0.59,0.1,1.7,0.063,34,53,0.9958,3.41,0.67,9.7,5,"bad",1
"6365","red",7.3,0.48,0.32,2.1,0.062,31,54,0.99728,3.3,0.65,10,7,"good",1
"6366","red",6.7,1.04,0.08,2.3,0.067,19,32,0.99648,3.52,0.57,11,4,"bad",1
"6367","red",7.3,0.48,0.32,2.1,0.062,31,54,0.99728,3.3,0.65,10,7,"good",1
"6368","red",7.3,0.98,0.05,2.1,0.061,20,49,0.99705,3.31,0.55,9.7,3,"bad",1
"6369","red",10,0.69,0.11,1.4,0.084,8,24,0.99578,2.88,0.47,9.7,5,"bad",1
"6370","red",6.7,0.7,0.08,3.75,0.067,8,16,0.99334,3.43,0.52,12.6,5,"bad",1
"6371","red",7.6,0.35,0.6,2.6,0.073,23,44,0.99656,3.38,0.79,11.1,6,"good",1
"6372","red",6.1,0.6,0.08,1.8,0.071,14,45,0.99336,3.38,0.54,11,5,"bad",1
"6375","red",9.9,0.5,0.5,13.8,0.205,48,82,1.00242,3.16,0.75,8.8,5,"bad",1
"6376","red",5.3,0.47,0.11,2.2,0.048,16,89,0.99182,3.54,0.88,13.6,7,"good",1
"6377","red",7.1,0.875,0.05,5.7,0.082,3,14,0.99808,3.4,0.52,10.2,3,"bad",1
"6378","red",8.2,0.28,0.6,3,0.104,10,22,0.99828,3.39,0.68,10.6,5,"bad",1
"6379","red",5.6,0.62,0.03,1.5,0.08,6,13,0.99498,3.66,0.62,10.1,4,"bad",1
"6380","red",8.2,0.28,0.6,3,0.104,10,22,0.99828,3.39,0.68,10.6,5,"bad",1
"6381","red",7.2,0.58,0.54,2.1,0.114,3,9,0.99719,3.33,0.57,10.3,4,"bad",1
"6382","red",8.1,0.33,0.44,1.5,0.042,6,12,0.99542,3.35,0.61,10.7,5,"bad",1
"6383","red",6.8,0.91,0.06,2,0.06,4,11,0.99592,3.53,0.64,10.9,4,"bad",1
"6384","red",7,0.655,0.16,2.1,0.074,8,25,0.99606,3.37,0.55,9.7,5,"bad",1
"6386","red",6,0.64,0.05,1.9,0.066,9,17,0.99496,3.52,0.78,10.6,5,"bad",1
"6387","red",5.6,0.54,0.04,1.7,0.049,5,13,0.9942,3.72,0.58,11.4,5,"bad",1
"6388","red",6.2,0.57,0.1,2.1,0.048,4,11,0.99448,3.44,0.76,10.8,6,"good",1
"6389","red",7.1,0.22,0.49,1.8,0.039,8,18,0.99344,3.39,0.56,12.4,6,"good",1
"6390","red",5.6,0.54,0.04,1.7,0.049,5,13,0.9942,3.72,0.58,11.4,5,"bad",1
"6393","red",6.4,0.31,0.09,1.4,0.066,15,28,0.99459,3.42,0.7,10,7,"good",1
"6395","red",7.7,0.54,0.26,1.9,0.089,23,147,0.99636,3.26,0.59,9.7,5,"bad",1
"6396","red",6.9,0.74,0.03,2.3,0.054,7,16,0.99508,3.45,0.63,11.5,6,"good",1
"6397","red",6.6,0.895,0.04,2.3,0.068,7,13,0.99582,3.53,0.58,10.8,6,"good",1
"6398","red",6.9,0.74,0.03,2.3,0.054,7,16,0.99508,3.45,0.63,11.5,6,"good",1
"6399","red",7.5,0.725,0.04,1.5,0.076,8,15,0.99508,3.26,0.53,9.6,5,"bad",1
"6400","red",7.8,0.82,0.29,4.3,0.083,21,64,0.99642,3.16,0.53,9.4,5,"bad",1
"6401","red",7.3,0.585,0.18,2.4,0.078,15,60,0.99638,3.31,0.54,9.8,5,"bad",1
"6402","red",6.2,0.44,0.39,2.5,0.077,6,14,0.99555,3.51,0.69,11,6,"good",1
"6403","red",7.5,0.38,0.57,2.3,0.106,5,12,0.99605,3.36,0.55,11.4,6,"good",1
"6404","red",6.7,0.76,0.02,1.8,0.078,6,12,0.996,3.55,0.63,9.95,3,"bad",1
"6405","red",6.8,0.81,0.05,2,0.07,6,14,0.99562,3.51,0.66,10.8,6,"good",1
"6407","red",7.1,0.27,0.6,2.1,0.074,17,25,0.99814,3.38,0.72,10.6,6,"good",1
"6409","red",6.4,0.36,0.21,2.2,0.047,26,48,0.99661,3.47,0.77,9.7,6,"good",1
"6411","red",6.4,0.79,0.04,2.2,0.061,11,17,0.99588,3.53,0.65,10.4,6,"good",1
"6412","red",6.4,0.56,0.15,1.8,0.078,17,65,0.99294,3.33,0.6,10.5,6,"good",1
"6413","red",6.9,0.84,0.21,4.1,0.074,16,65,0.99842,3.53,0.72,9.233333333,6,"good",1
"6414","red",6.9,0.84,0.21,4.1,0.074,16,65,0.99842,3.53,0.72,9.25,6,"good",1
"6416","red",6.5,0.53,0.06,2,0.063,29,44,0.99489,3.38,0.83,10.3,6,"good",1
"6417","red",7.4,0.47,0.46,2.2,0.114,7,20,0.99647,3.32,0.63,10.5,5,"bad",1
"6419","red",6.5,0.53,0.06,2,0.063,29,44,0.99489,3.38,0.83,10.3,6,"good",1
"6421","red",6.1,0.32,0.25,2.3,0.071,23,58,0.99633,3.42,0.97,10.6,5,"bad",1
"6422","red",6.8,0.48,0.25,2,0.076,29,61,0.9953,3.34,0.6,10.4,5,"bad",1
"6423","red",6,0.42,0.19,2,0.075,22,47,0.99522,3.39,0.78,10,6,"good",1
"6424","red",6.7,0.48,0.08,2.1,0.064,18,34,0.99552,3.33,0.64,9.7,5,"bad",1
"6426","red",7.1,0.53,0.07,1.7,0.071,15,24,0.9951,3.29,0.66,10.8,6,"good",1
"6427","red",7.9,0.29,0.49,2.2,0.096,21,59,0.99714,3.31,0.67,10.1,6,"good",1
"6428","red",7.1,0.69,0.08,2.1,0.063,42,52,0.99608,3.42,0.6,10.2,6,"good",1
"6431","red",7.2,0.53,0.13,2,0.058,18,22,0.99573,3.21,0.68,9.9,6,"good",1
"6432","red",8,0.39,0.3,1.9,0.074,32,84,0.99717,3.39,0.61,9,5,"bad",1
"6433","red",6.6,0.56,0.14,2.4,0.064,13,29,0.99397,3.42,0.62,11.7,7,"good",1
"6434","red",7,0.55,0.13,2.2,0.075,15,35,0.9959,3.36,0.59,9.7,6,"good",1
"6435","red",6.1,0.53,0.08,1.9,0.077,24,45,0.99528,3.6,0.68,10.3,6,"good",1
"6436","red",5.4,0.58,0.08,1.9,0.059,20,31,0.99484,3.5,0.64,10.2,6,"good",1
"6438","red",7.2,0.39,0.32,1.8,0.065,34,60,0.99714,3.46,0.78,9.9,5,"bad",1
"6439","red",6.2,0.52,0.08,4.4,0.071,11,32,0.99646,3.56,0.63,11.6,6,"good",1
"6440","red",7.4,0.25,0.29,2.2,0.054,19,49,0.99666,3.4,0.76,10.9,7,"good",1
"6441","red",6.7,0.855,0.02,1.9,0.064,29,38,0.99472,3.3,0.56,10.75,6,"good",1
"6442","red",11.1,0.44,0.42,2.2,0.064,14,19,0.99758,3.25,0.57,10.4,6,"good",1
"6443","red",8.4,0.37,0.43,2.3,0.063,12,19,0.9955,3.17,0.81,11.2,7,"good",1
"6444","red",6.5,0.63,0.33,1.8,0.059,16,28,0.99531,3.36,0.64,10.1,6,"good",1
"6447","red",11.2,0.4,0.5,2,0.099,19,50,0.99783,3.1,0.58,10.4,5,"bad",1
"6448","red",7.4,0.36,0.3,1.8,0.074,17,24,0.99419,3.24,0.7,11.4,8,"good",1
"6449","red",7.1,0.68,0,2.3,0.087,17,26,0.99783,3.45,0.53,9.5,5,"bad",1
"6450","red",7.1,0.67,0,2.3,0.083,18,27,0.99768,3.44,0.54,9.4,5,"bad",1
"6451","red",6.3,0.68,0.01,3.7,0.103,32,54,0.99586,3.51,0.66,11.3,6,"good",1
"6452","red",7.3,0.735,0,2.2,0.08,18,28,0.99765,3.41,0.6,9.4,5,"bad",1
"6453","red",6.6,0.855,0.02,2.4,0.062,15,23,0.99627,3.54,0.6,11,6,"good",1
"6454","red",7,0.56,0.17,1.7,0.065,15,24,0.99514,3.44,0.68,10.55,7,"good",1
"6455","red",6.6,0.88,0.04,2.2,0.066,12,20,0.99636,3.53,0.56,9.9,5,"bad",1
"6456","red",6.6,0.855,0.02,2.4,0.062,15,23,0.99627,3.54,0.6,11,6,"good",1
"6457","red",6.9,0.63,0.33,6.7,0.235,66,115,0.99787,3.22,0.56,9.5,5,"bad",1
"6458","red",7.8,0.6,0.26,2,0.08,31,131,0.99622,3.21,0.52,9.9,5,"bad",1
"6459","red",7.8,0.6,0.26,2,0.08,31,131,0.99622,3.21,0.52,9.9,5,"bad",1
"6460","red",7.8,0.6,0.26,2,0.08,31,131,0.99622,3.21,0.52,9.9,5,"bad",1
"6462","red",7.2,0.695,0.13,2,0.076,12,20,0.99546,3.29,0.54,10.1,5,"bad",1
"6463","red",7.2,0.695,0.13,2,0.076,12,20,0.99546,3.29,0.54,10.1,5,"bad",1
"6464","red",6.7,0.67,0.02,1.9,0.061,26,42,0.99489,3.39,0.82,10.9,6,"good",1
"6466","red",7.2,0.695,0.13,2,0.076,12,20,0.99546,3.29,0.54,10.1,5,"bad",1
"6469","red",6.4,0.36,0.53,2.2,0.23,19,35,0.9934,3.37,0.93,12.4,6,"good",1
"6470","red",6.4,0.38,0.14,2.2,0.038,15,25,0.99514,3.44,0.65,11.1,6,"good",1
"6472","red",6,0.58,0.2,2.4,0.075,15,50,0.99467,3.58,0.67,12.5,6,"good",1
"6473","red",5.6,0.31,0.78,13.9,0.074,23,92,0.99677,3.39,0.48,10.5,6,"good",1
"6474","red",7.5,0.52,0.4,2.2,0.06,12,20,0.99474,3.26,0.64,11.8,6,"good",1
"6475","red",8,0.3,0.63,1.6,0.081,16,29,0.99588,3.3,0.78,10.8,6,"good",1
"6476","red",6.2,0.7,0.15,5.1,0.076,13,27,0.99622,3.54,0.6,11.9,6,"good",1
"6477","red",6.8,0.67,0.15,1.8,0.118,13,20,0.9954,3.42,0.67,11.3,6,"good",1
"6478","red",6.2,0.56,0.09,1.7,0.053,24,32,0.99402,3.54,0.6,11.3,5,"bad",1
"6479","red",7.4,0.35,0.33,2.4,0.068,9,26,0.9947,3.36,0.6,11.9,6,"good",1
"6480","red",6.2,0.56,0.09,1.7,0.053,24,32,0.99402,3.54,0.6,11.3,5,"bad",1
"6481","red",6.1,0.715,0.1,2.6,0.053,13,27,0.99362,3.57,0.5,11.9,5,"bad",1
"6482","red",6.2,0.46,0.29,2.1,0.074,32,98,0.99578,3.33,0.62,9.8,5,"bad",1
"6483","red",6.7,0.32,0.44,2.4,0.061,24,34,0.99484,3.29,0.8,11.6,7,"good",1
"6484","red",7.2,0.39,0.44,2.6,0.066,22,48,0.99494,3.3,0.84,11.5,6,"good",1
"6485","red",7.5,0.31,0.41,2.4,0.065,34,60,0.99492,3.34,0.85,11.4,6,"good",1
"6486","red",5.8,0.61,0.11,1.8,0.066,18,28,0.99483,3.55,0.66,10.9,6,"good",1
"6488","red",6.6,0.725,0.2,7.8,0.073,29,79,0.9977,3.29,0.54,9.2,5,"bad",1
"6489","red",6.3,0.55,0.15,1.8,0.077,26,35,0.99314,3.32,0.82,11.6,6,"good",1
"6490","red",5.4,0.74,0.09,1.7,0.089,16,26,0.99402,3.67,0.56,11.6,6,"good",1
"6491","red",6.3,0.51,0.13,2.3,0.076,29,40,0.99574,3.42,0.75,11,6,"good",1
"6492","red",6.8,0.62,0.08,1.9,0.068,28,38,0.99651,3.42,0.82,9.5,6,"good",1
"6495","red",6.3,0.51,0.13,2.3,0.076,29,40,0.99574,3.42,0.75,11,6,"good",1
"6496","red",5.9,0.645,0.12,2,0.075,32,44,0.99547,3.57,0.71,10.2,5,"bad",1
"6497","red",6,0.31,0.47,3.6,0.067,18,42,0.99549,3.39,0.66,11,6,"good",1
